-- NOTIFICATION_PRODUCERS --
INSERT INTO NOTIFICATION_PRODUCERS 
(ID, NAME, DESCRIPTION, CONTACT_INFO) 
VALUES 
(1, 'Notification System', 'This producer represents messages sent from the general message sending forms.', 'kuali-ken-testing@cornell.edu');

INSERT INTO NOTIFICATION_PRODUCERS 
(ID, NAME, DESCRIPTION, CONTACT_INFO) 
VALUES 
(2, 'University Library System', 'This producer represents messages sent from the University Library system.', 'kuali-ken-testing@cornell.edu');

INSERT INTO NOTIFICATION_PRODUCERS 
(ID, NAME, DESCRIPTION, CONTACT_INFO) 
VALUES 
(3, 'University Events Office', 'This producer represents messages sent from the University Events system.', 'kuali-ken-testing@cornell.edu');

-- NOTIFICATION_CHANNELS --
DELETE FROM NOTIFICATION_CHANNELS;

INSERT INTO NOTIFICATION_CHANNELS
(ID, NAME, DESCRIPTION, SUBSCRIBABLE)
VALUES
(1, 'Kuali Rice Channel', 'This channel is used for sending out information about the Kuali Rice effort.', 'Y');

INSERT INTO NOTIFICATION_CHANNELS
(ID, NAME, DESCRIPTION, SUBSCRIBABLE)
VALUES
(2, 'Library Events Channel', 'This channel is used for sending out information about Library Events.', 'Y');

INSERT INTO NOTIFICATION_CHANNELS
(ID, NAME, DESCRIPTION, SUBSCRIBABLE)
VALUES
(3, 'Overdue Library Books', 'This channel is used for sending out information about your overdue books.', 'N');

INSERT INTO NOTIFICATION_CHANNELS
(ID, NAME, DESCRIPTION, SUBSCRIBABLE)
VALUES
(4, 'Concerts Coming to Campus', 'This channel broadcasts any concerts coming to campus.', 'Y');

INSERT INTO NOTIFICATION_CHANNELS
(ID, NAME, DESCRIPTION, SUBSCRIBABLE)
VALUES
(5, 'University Alerts', 'This channel broadcasts general announcements for the university.', 'N');

-- NOTIFICATION_CHANNEL_SUBSCRIPTIONS

INSERT INTO USER_CHANNEL_SUBSCRIPTIONS
(ID, CHANNEL_ID, USER_ID)
VALUES
(1, 1, 'TestUser4');

-- NOTIFICATION_RECIPIENTS_LISTS

INSERT INTO NOTIFICATION_RECIPIENTS_LISTS
(ID, CHANNEL_ID, RECIPIENT_TYPE, RECIPIENT_ID)
values
(1, 4, 'USER', 'TestUser1');

INSERT INTO NOTIFICATION_RECIPIENTS_LISTS
(ID, CHANNEL_ID, RECIPIENT_TYPE, RECIPIENT_ID)
values
(2, 4, 'USER', 'TestUser3');

-- NOTIFICATION_CHANNEL_REVIEWERS

INSERT INTO NOTIFICATION_REVIEWERS
(ID, CHANNEL_ID, REVIEWER_TYPE, REVIEWER_ID) 
VALUES 
(1, 1, 'GROUP', 'RiceTeam');

INSERT INTO NOTIFICATION_REVIEWERS
(ID, CHANNEL_ID, REVIEWER_TYPE, REVIEWER_ID) 
VALUES 
(2, 5, 'USER', 'TestUser3');

INSERT INTO NOTIFICATION_REVIEWERS
(ID, CHANNEL_ID, REVIEWER_TYPE, REVIEWER_ID) 
VALUES 
(3, 5, 'GROUP', 'TestGroup1');

-- NOTIFICATION_CHANNEL_PRODUCERS --
DELETE FROM NOTIFICATION_CHANNEL_PRODUCERS;

INSERT INTO NOTIFICATION_CHANNEL_PRODUCERS 
(CHANNEL_ID, PRODUCER_ID) 
VALUES 
(1, 1);

INSERT INTO NOTIFICATION_CHANNEL_PRODUCERS 
(CHANNEL_ID, PRODUCER_ID) 
VALUES 
(2, 1);

INSERT INTO NOTIFICATION_CHANNEL_PRODUCERS 
(CHANNEL_ID, PRODUCER_ID) 
VALUES 
(3, 1);

INSERT INTO NOTIFICATION_CHANNEL_PRODUCERS 
(CHANNEL_ID, PRODUCER_ID) 
VALUES 
(4, 1);

INSERT INTO NOTIFICATION_CHANNEL_PRODUCERS 
(CHANNEL_ID, PRODUCER_ID) 
VALUES 
(5, 1);

INSERT INTO NOTIFICATION_CHANNEL_PRODUCERS 
(CHANNEL_ID, PRODUCER_ID) 
VALUES 
(2, 2);

INSERT INTO NOTIFICATION_CHANNEL_PRODUCERS 
(CHANNEL_ID, PRODUCER_ID) 
VALUES 
(3, 2);

INSERT INTO NOTIFICATION_CHANNEL_PRODUCERS 
(CHANNEL_ID, PRODUCER_ID) 
VALUES 
(4, 3);
