insert into KREW_APP_CNST_T (APPL_CNST_NM, VAL, VER_NBR) values ('Workflow.AdminWorkgroup', 'WorkflowAdmin', 1)
;
insert into KREW_APP_CNST_T (APPL_CNST_NM, VAL, VER_NBR) values ('Workgroup.IsRouteLogPopup', 'false', 0)
;
insert into KRNS_NMSPC_T (NMSPC_CD, OBJ_ID, VER_NBR, NM, ACTV_IND) VALUES('KR-NS', '53680C68F595AD9BE0404F8189D80A6C', 1, 'Kuali Nervous System', 'Y')
;
insert into KRNS_NMSPC_T (NMSPC_CD, OBJ_ID, VER_NBR, NM, ACTV_IND) VALUES('KR-WKFLW', '5C730C2EFF5D446AE0404F8189D85717', 0, 'Workflow', '1')
;
insert into KRNS_PARM_TYP_T (PARM_TYP_CD, OBJ_ID, VER_NBR, NM, ACTV_IND) VALUES('AUTH', '53680C68F593AD9BE0404F8189D80A6C', 1, 'Authorization', 'Y')
;
insert into KRNS_PARM_TYP_T (PARM_TYP_CD, OBJ_ID, VER_NBR, NM, ACTV_IND) VALUES('CONFG', '53680C68F591AD9BE0404F8189D80A6C', 1, 'Config', 'Y')
;
insert into KRNS_PARM_TYP_T (PARM_TYP_CD, OBJ_ID, VER_NBR, NM, ACTV_IND) VALUES('HELP', '53680C68F594AD9BE0404F8189D80A6C', 1, 'Help', 'Y')
;
insert into KRNS_PARM_TYP_T (PARM_TYP_CD, OBJ_ID, VER_NBR, NM, ACTV_IND) VALUES('VALID', '53680C68F592AD9BE0404F8189D80A6C', 1, 'Document Validation', 'Y')
;
insert into KRNS_PARM_DTL_TYP_T (NMSPC_CD, OBJ_ID, PARM_DTL_TYP_CD, NM) VALUES ('KR-WKFLW', '18695E69ED0D4FBE8B084FCA8066D21C', 'DocumentSearch', 'Document Search ')
;
insert into KRNS_PARM_DTL_TYP_T (NMSPC_CD, PARM_DTL_TYP_CD, OBJ_ID, VER_NBR, NM, ACTV_IND) VALUES('KR-NS', 'All', '53680C68F596AD9BE0404F8189D80A6C', 1, 'All', 'Y')
;
insert into KRNS_PARM_DTL_TYP_T (NMSPC_CD, PARM_DTL_TYP_CD, OBJ_ID, VER_NBR, NM, ACTV_IND) VALUES('KR-WKFLW', 'Rule', 'FC831215ED534549845BCE2C59B16FD9', 1, 'Rule', 'Y')
;
insert into KRNS_PARM_DTL_TYP_T (NMSPC_CD, PARM_DTL_TYP_CD, OBJ_ID, VER_NBR, NM, ACTV_IND) VALUES('KR-NS', 'Lookup', '53680C68F599AD9BE0404F8189D80A6C', 1, 'Lookup', 'Y')
;
insert into KRNS_PARM_T (NMSPC_CD, OBJ_ID, PARM_DTL_TYP_CD, PARM_NM, PARM_TYP_CD, TXT, PARM_DESC_TXT, CONS_CD, GRP_NM) VALUES ('KR-WKFLW', 'E78100F6F14C4932B54F7719FA5C27E9', 'DocumentSearch', 'DOCUMENT_SEARCH_POPUP_IND', 'CONFG', 'Y', 'desc', 'A', 'WorkflowAdmin')
;
insert into KRNS_PARM_T (NMSPC_CD, OBJ_ID, PARM_DTL_TYP_CD, PARM_NM, PARM_TYP_CD, TXT, PARM_DESC_TXT, CONS_CD, GRP_NM) VALUES ('KR-WKFLW', '632680DDE9A7478CBD379FAF90C7AE72', 'DocumentSearch', 'DOCUMENT_SEARCH_ROUTE_LOG_POPUP_IND', 'CONFG', 'N', 'desc', 'A', 'WorkflowAdmin')
;
INSERT INTO KRNS_PARM_T (NMSPC_CD, OBJ_ID, PARM_DTL_TYP_CD, PARM_NM, PARM_TYP_CD, TXT, PARM_DESC_TXT, CONS_CD, GRP_NM) VALUES ('KR-WKFLW', 'E05A692D62E54B87901D872DC37208A1', 'Rule', 'CACHING_IND', 'CONFG', 'Y', 'desc', 'A', 'WorkflowAdmin')
;
insert into KRNS_PARM_T (NMSPC_CD, PARM_DTL_TYP_CD, PARM_NM, OBJ_ID, VER_NBR, PARM_TYP_CD, TXT, PARM_DESC_TXT, CONS_CD, GRP_NM, ACTV_IND) VALUES('KR-NS', 'Lookup', 'RESULTS_LIMIT', '53680C68F5A8AD9BE0404F8189D80A6C', 1, 'CONFG', '200', 'Maximum number of results returned in a look-up query.', 'A', 'WorkflowAdmin', 'Y')
;

insert into KRIM_TYP_T (KIM_TYP_ID, OBJ_ID, VER_NBR, NM, SRVC_NM, ACTV_IND, NMSPC_CD) VALUES ('1', '5B97C50B02FF6110E0404F8189D85213', 1, 'Default', Null, 'Y', 'KUALI')
;
INSERT INTO KRIM_TYP_T(KIM_TYP_ID, OBJ_ID, VER_NBR, NM, SRVC_NM, ACTV_IND, NMSPC_CD) VALUES('3', '5ADF18B6D4AC7954E0404F8189D85002', 1, 'Document Type (Permission)', 'documentTypePermissionTypeService', 'Y', 'KR-SYS')
;
insert into KRIM_TYP_T (KIM_TYP_ID, OBJ_ID, VER_NBR, NM, SRVC_NM, ACTV_IND, NMSPC_CD) VALUES('7', '5ADF18B6D4C07954E0404F8189D85002', 1, 'TestType', 'responsibilityResponsibilityTypeService', 'Y', 'KR-WKFLW')
;
INSERT INTO KRIM_TYP_T(KIM_TYP_ID, OBJ_ID, VER_NBR, NM, SRVC_NM, ACTV_IND, NMSPC_CD)
  VALUES('2', '5ADF18B6D4837954E0404F8189D85002', 1, 'Derived Role: Principal', 'activePrincipalRoleTypeService', 'Y', 'KR-IDM')
;
INSERT INTO KRIM_TYP_T(KIM_TYP_ID, OBJ_ID, VER_NBR, NM, SRVC_NM, ACTV_IND, NMSPC_CD)
  VALUES('45', '5B6013B3AD131A9CE0404F8189D87094', 1, 'Derived Role: Permission', 'documentEditorRoleTypeService', 'Y', 'KR-NS')
;
INSERT INTO KRIM_TYP_T(KIM_TYP_ID, OBJ_ID, VER_NBR, NM, SRVC_NM, ACTV_IND, NMSPC_CD)
  VALUES('54', sys_guid(), 1, 'Document Type (Responsibility)', 'documentTypeResponsibilityTypeService', 'Y', 'KR-KEW')
;

insert into KRIM_ATTR_DEFN_T (KIM_ATTR_DEFN_ID, OBJ_ID, VER_NBR, NM, LBL, SRVC_NM, ACTV_IND, NMSPC_CD, CMPNT_NM, APPL_URL) VALUES('13', '5ADF18B6D4947954E0404F8189D85002', 1, 'documentTypeName', Null, Null, 'Y', 'KR-WKFLW', 'org.kuali.rice.kim.bo.impl.KimAttributes', Null)
;
insert into KRIM_ATTR_DEFN_T (KIM_ATTR_DEFN_ID, OBJ_ID, VER_NBR, NM, LBL, SRVC_NM, ACTV_IND, NMSPC_CD, CMPNT_NM, APPL_URL) VALUES('16', '5ADF18B6D4977954E0404F8189D85002', 1, 'routeNodeName', Null, Null, 'Y', 'KR-WKFLW', 'org.kuali.rice.kim.bo.impl.KimAttributes', Null)
;
insert into KRIM_ATTR_DEFN_T (KIM_ATTR_DEFN_ID, OBJ_ID, VER_NBR, NM, LBL, SRVC_NM, ACTV_IND, NMSPC_CD, CMPNT_NM, APPL_URL) VALUES('40', '5C4970B2B2DF8277E0404F8189D80B30', 1, 'required', Null, Null, 'Y', 'KR-WKFLW', 'org.kuali.rice.kim.bo.impl.KimAttributes', Null)
;
insert into KRIM_ATTR_DEFN_T (KIM_ATTR_DEFN_ID, OBJ_ID, VER_NBR, NM, LBL, SRVC_NM, ACTV_IND, NMSPC_CD, CMPNT_NM, APPL_URL) VALUES('41', '5C4970B2B2E08277E0404F8189D80B30', 1, 'actionDetailsAtRoleMemberLevel', Null, Null, 'Y', 'KR-WKFLW', 'org.kuali.rice.kim.bo.impl.KimAttributes', Null)
;
INSERT INTO KRIM_TYP_ATTR_T(KIM_TYP_ATTR_ID, OBJ_ID, VER_NBR, KIM_TYP_ID, KIM_ATTR_DEFN_ID, ACTV_IND, SORT_CD) VALUES('1', '5ADF18B6D4AD7954E0404F8189D85002', 1, '3', '13', 'Y', 'a')
;
insert into KRIM_TYP_ATTR_T (KIM_TYP_ATTR_ID, OBJ_ID, VER_NBR, SORT_CD, KIM_TYP_ID, KIM_ATTR_DEFN_ID, ACTV_IND) VALUES('7', '5ADF18B6D4C17954E0404F8189D85002', 1, 'a', '7', '13', 'Y')
;
insert into KRIM_TYP_ATTR_T (KIM_TYP_ATTR_ID, OBJ_ID, VER_NBR, SORT_CD, KIM_TYP_ID, KIM_ATTR_DEFN_ID, ACTV_IND) VALUES('8', '5ADF18B6D4C27954E0404F8189D85002', 1, 'b', '7', '16', 'Y')
;
insert into KRIM_TYP_ATTR_T (KIM_TYP_ATTR_ID, OBJ_ID, VER_NBR, SORT_CD, KIM_TYP_ID, KIM_ATTR_DEFN_ID, ACTV_IND) VALUES('80', '5C4970B2B2E18277E0404F8189D80B30', 1, 'c', '7', '40', 'Y')
;
insert into KRIM_TYP_ATTR_T (KIM_TYP_ATTR_ID, OBJ_ID, VER_NBR, SORT_CD, KIM_TYP_ID, KIM_ATTR_DEFN_ID, ACTV_IND) VALUES('81', '5C4970B2B2E28277E0404F8189D80B30', 1, 'd', '7', '41', 'Y')
;
INSERT INTO KRIM_TYP_ATTR_T (KIM_TYP_ATTR_ID, OBJ_ID, VER_NBR, KIM_TYP_ID, KIM_ATTR_DEFN_ID, ACTV_IND, SORT_CD) VALUES('107', sys_guid(), 1, '54', '13', 'Y', 'a')
;

INSERT INTO KRIM_ROLE_T (ACTV_IND,KIM_TYP_ID,NMSPC_CD,OBJ_ID,ROLE_ID,ROLE_NM,VER_NBR)
  VALUES ('Y','1','KR-SYS','5B31640F0105ADF1E0404F8189D84647','63','Technical Administrator',1)
;
INSERT INTO KRIM_ROLE_T (ACTV_IND,KIM_TYP_ID,LAST_UPDT_DT,NMSPC_CD,OBJ_ID,ROLE_ID,ROLE_NM,VER_NBR)
  VALUES ('Y','2',TO_DATE( '20081104143710', 'YYYYMMDDHH24MISS' ),'KUALI','5ADF18B6D4847954E0404F8189D85002','1','User',1)
;
INSERT INTO KRIM_ROLE_T (ACTV_IND,KIM_TYP_ID,LAST_UPDT_DT,NMSPC_CD,OBJ_ID,ROLE_ID,ROLE_NM,VER_NBR)
  VALUES ('Y','45',TO_DATE( '20081114141017', 'YYYYMMDDHH24MISS' ),'KR-NS','5BABFACC4F61A8EEE0404F8189D8770F','66','Document Editor',1)
;

-- assign to 'WorkflowAdmin'
INSERT INTO KRIM_ROLE_MBR_T(ROLE_MBR_ID, VER_NBR, OBJ_ID, ROLE_ID, MBR_ID, MBR_TYP_CD)
VALUES('1282', 1, '5B4B421E43857717E0404F8189D821F7', '63', '2', 'G')
;


INSERT INTO KRIM_PERM_TMPL_T (ACTV_IND,KIM_TYP_ID,NM,NMSPC_CD,OBJ_ID,PERM_TMPL_ID,VER_NBR)
  VALUES ('Y','1','Default','KUALI','5ADF18B6D4857954E0404F8189D85002','1',1)
;
INSERT INTO KRIM_PERM_TMPL_T (ACTV_IND,KIM_TYP_ID,NM,NMSPC_CD,OBJ_ID,PERM_TMPL_ID,VER_NBR) VALUES ('Y','3','Initiate Document','KR-SYS','5ADF18B6D4BF7954E0404F8189D85002','10',1)
;
INSERT INTO KRIM_PERM_TMPL_T (ACTV_IND,KIM_TYP_ID,NM,NMSPC_CD,OBJ_ID,PERM_TMPL_ID,VER_NBR) VALUES ('Y','3','Copy Document','KR-NS','5ADF18B6D4AF7954E0404F8189D85002','2',1)
;
INSERT INTO KRIM_PERM_TMPL_T (ACTV_IND,KIM_TYP_ID,NM,NMSPC_CD,OBJ_ID,PERM_TMPL_ID,VER_NBR) VALUES ('Y','3','Administer Routing for Document','KR-WKFLW','5ADF18B6D4B07954E0404F8189D85002','3',1)
;
INSERT INTO KRIM_PERM_TMPL_T (ACTV_IND,KIM_TYP_ID,NM,NMSPC_CD,OBJ_ID,PERM_TMPL_ID,VER_NBR) VALUES ('Y','3','Blanket Approve Document','KR-WKFLW','5ADF18B6D4B17954E0404F8189D85002','4',1)
;
INSERT INTO KRIM_PERM_TMPL_T (ACTV_IND,KIM_TYP_ID,NM,NMSPC_CD,OBJ_ID,PERM_TMPL_ID,VER_NBR) VALUES ('Y','3','Open Document','KR-NS','5ADF18B6D4AE7954E0404F8189D85002','40',1)
;
INSERT INTO KRIM_PERM_TMPL_T (ACTV_IND,KIM_TYP_ID,NM,NMSPC_CD,OBJ_ID,PERM_TMPL_ID,VER_NBR) VALUES ('Y','3','Route Document','KR-WKFLW','5ADF18B6D4B27954E0404F8189D85002','5',1)
;
INSERT INTO KRIM_PERM_T(PERM_ID, OBJ_ID, VER_NBR, PERM_TMPL_ID, NM, DESC_TXT, ACTV_IND, NMSPC_CD)
    VALUES('299', '686ffd94-5848-102c-9db5-0bee8ae9eff4', 1, '1', 'Unrestricted Document Search', null, 'Y', 'KR-WKFLW')
;
INSERT INTO KRIM_PERM_T (ACTV_IND,NMSPC_CD,OBJ_ID,PERM_ID,PERM_TMPL_ID,VER_NBR)
  VALUES ('Y','KR-SYS','5B4F0974494DEF33E0404F8189D84F24','149','10',1)
;
INSERT INTO KRIM_PERM_T (ACTV_IND,NMSPC_CD,OBJ_ID,PERM_ID,PERM_TMPL_ID,VER_NBR)
  VALUES ('Y','KR-SYS','5B4F09744954EF33E0404F8189D84F24','156','2',1)
;
INSERT INTO KRIM_PERM_T (ACTV_IND,NMSPC_CD,OBJ_ID,PERM_ID,PERM_TMPL_ID,VER_NBR)
  VALUES ('Y','KR-SYS','5B4F0974494BEF33E0404F8189D84F24','147','3',1)
;
INSERT INTO KRIM_PERM_T (ACTV_IND,NMSPC_CD,OBJ_ID,PERM_ID,PERM_TMPL_ID,VER_NBR)
  VALUES ('Y','KR-SYS','5B4F0974494CEF33E0404F8189D84F24','148','4',1)
;
INSERT INTO KRIM_PERM_T (ACTV_IND,NMSPC_CD,OBJ_ID,PERM_ID,PERM_TMPL_ID,VER_NBR)
  VALUES ('Y','KR-SYS','5B4F0974495DEF33E0404F8189D84F24','165','40',1)
;
INSERT INTO KRIM_PERM_T (ACTV_IND,NMSPC_CD,OBJ_ID,PERM_ID,PERM_TMPL_ID,VER_NBR)
  VALUES ('Y','KUALI','5B4F09744960EF33E0404F8189D84F24','168','5',1)
;
INSERT INTO KRIM_ROLE_PERM_T(ROLE_PERM_ID, OBJ_ID, VER_NBR, ROLE_ID, PERM_ID, ACTV_IND)
    VALUES('566', '95d7e616-5848-102c-9db5-0bee8ae9eff4', 1, '63', '299', 'Y')
;
INSERT INTO KRIM_ROLE_PERM_T(ROLE_PERM_ID, OBJ_ID, VER_NBR, ROLE_ID, PERM_ID, ACTV_IND)
  VALUES('193', '5C27A267EF667417E0404F8189D830A9', 1, '1', '149', 'Y')
;
INSERT INTO KRIM_ROLE_PERM_T(ROLE_PERM_ID, OBJ_ID, VER_NBR, ROLE_ID, PERM_ID, ACTV_IND)
  VALUES('201', '5C27A267EF6E7417E0404F8189D830A9', 1, '1', '156', 'Y')
;
INSERT INTO KRIM_ROLE_PERM_T(ROLE_PERM_ID, OBJ_ID, VER_NBR, ROLE_ID, PERM_ID, ACTV_IND)
  VALUES('190', '5C27A267EF637417E0404F8189D830A9', 1, '63', '147', 'Y')
;
INSERT INTO KRIM_ROLE_PERM_T(ROLE_PERM_ID, OBJ_ID, VER_NBR, ROLE_ID, PERM_ID, ACTV_IND)
  VALUES('191', '5C27A267EF647417E0404F8189D830A9', 1, '63', '148', 'Y')
;
INSERT INTO KRIM_ROLE_PERM_T(ROLE_PERM_ID, OBJ_ID, VER_NBR, ROLE_ID, PERM_ID, ACTV_IND)
  VALUES('211', '5C27A267EF787417E0404F8189D830A9', 1, '1', '165', 'Y')
;
INSERT INTO KRIM_ROLE_PERM_T(ROLE_PERM_ID, OBJ_ID, VER_NBR, ROLE_ID, PERM_ID, ACTV_IND)
  VALUES('213', '5C27A267EF7A7417E0404F8189D830A9', 1, '66', '168', 'Y')
;
INSERT INTO KRIM_PERM_ATTR_DATA_T(ATTR_DATA_ID, OBJ_ID, VER_NBR, TARGET_PRIMARY_KEY, KIM_TYP_ID, KIM_ATTR_DEFN_ID, ATTR_VAL)
  VALUES('193', '5B4F09744A31EF33E0404F8189D84F24', 1, '147', '3', '13', 'RiceDocument')
;
INSERT INTO KRIM_PERM_ATTR_DATA_T(ATTR_DATA_ID, OBJ_ID, VER_NBR, TARGET_PRIMARY_KEY, KIM_TYP_ID, KIM_ATTR_DEFN_ID, ATTR_VAL)
  VALUES('194', '5B4F09744A32EF33E0404F8189D84F24', 1, '148', '3', '13', 'RiceDocument')
;
INSERT INTO KRIM_PERM_ATTR_DATA_T(ATTR_DATA_ID, OBJ_ID, VER_NBR, TARGET_PRIMARY_KEY, KIM_TYP_ID, KIM_ATTR_DEFN_ID, ATTR_VAL)
  VALUES('195', '5B4F09744A33EF33E0404F8189D84F24', 1, '149', '3', '13', 'RiceDocument')
;
INSERT INTO KRIM_PERM_ATTR_DATA_T(ATTR_DATA_ID, OBJ_ID, VER_NBR, TARGET_PRIMARY_KEY, KIM_TYP_ID, KIM_ATTR_DEFN_ID, ATTR_VAL)
  VALUES('202', '5B4F09744A3AEF33E0404F8189D84F24', 1, '156', '3', '13', 'RiceDocument')
;
INSERT INTO KRIM_PERM_ATTR_DATA_T(ATTR_DATA_ID, OBJ_ID, VER_NBR, TARGET_PRIMARY_KEY, KIM_TYP_ID, KIM_ATTR_DEFN_ID, ATTR_VAL)
  VALUES('218', '5B4F09744A4AEF33E0404F8189D84F24', 1, '165', '3', '13', 'RiceDocument')
;
INSERT INTO KRIM_PERM_ATTR_DATA_T(ATTR_DATA_ID, OBJ_ID, VER_NBR, TARGET_PRIMARY_KEY, KIM_TYP_ID, KIM_ATTR_DEFN_ID, ATTR_VAL)
  VALUES('221', '5B4F09744A4DEF33E0404F8189D84F24', 1, '168', '3', '13', 'KualiDocument')
;
INSERT INTO KRIM_RSP_TMPL_T(RSP_TMPL_ID, OBJ_ID, VER_NBR, NM, KIM_TYP_ID, DESC_TXT, ACTV_IND, NMSPC_CD)
  VALUES('2', '5B4F09744A4DEF33ED404F8189D44F24', 1, 'Resolve Exception', '54', null, 'Y', 'KR-WKFLW')
;
INSERT INTO KRIM_RSP_T(RSP_ID, OBJ_ID, RSP_TMPL_ID, nm, DESC_TXT, nmspc_cd, ACTV_IND) 
  VALUES('93', '5B4F0974284DEF33ED404F8189D44F24', '2', null, null, 'KR-SYS', 'Y')
;
INSERT INTO KRIM_ROLE_RSP_T(ROLE_RSP_ID, OBJ_ID, VER_NBR, ROLE_ID, RSP_ID, ACTV_IND)
  VALUES('1080', '5DF45238F5528846E0404F8189D840B8', 1, '63', '93', 'Y')
