-- 
-- Copyright 2008-2009 The Kuali Foundation
-- 
-- Licensed under the Educational Community License, Version 2.0 (the "License");
-- you may not use this file except in compliance with the License.
-- You may obtain a copy of the License at
-- 
-- http://www.opensource.org/licenses/ecl2.php
-- 
-- Unless required by applicable law or agreed to in writing, software
-- distributed under the License is distributed on an "AS IS" BASIS,
-- WITHOUT WARRANTIES OR CONDITIONS OF ANY KIND, either express or implied.
-- See the License for the specific language governing permissions and
-- limitations under the License.
-- 
DELETE FROM KRIM_TYP_ATTR_T
/
DELETE FROM KRIM_PERM_ATTR_DATA_T
/
DELETE FROM KRIM_RSP_RQRD_ATTR_T
/
DELETE FROM KRIM_RSP_ATTR_DATA_T
/
DELETE FROM KRIM_ROLE_MBR_ATTR_DATA_T
/
DELETE FROM KRIM_PERM_RQRD_ATTR_T
/
DELETE FROM KRIM_GRP_ATTR_DATA_T
/
DELETE FROM KRIM_DLGN_MBR_ATTR_DATA_T
/
DELETE FROM KRIM_DLGN_ATTR_DATA_T
/

DELETE FROM KRIM_ATTR_DEFN_T
/
DELETE FROM KRIM_ROLE_PERM_T
/
DELETE FROM KRIM_PERM_T
/
DELETE FROM KRIM_PERM_TMPL_T
/
DELETE FROM KRIM_ROLE_MBR_T
/
DELETE FROM KRIM_ROLE_T
/
DELETE FROM KRIM_RSP_TMPL_T
/
DELETE FROM KRIM_TYP_T
/

INSERT INTO KRIM_TYP_T(KIM_TYP_ID, OBJ_ID, VER_NBR, NM, SRVC_NM, ACTV_IND, NMSPC_CD)
  VALUES('3', '5ADF18B6D4AC7954E0404F8189D85002', 1, 'Document Type', 'documentTypePermissionTypeService', 'Y', 'KR-SYS')
/
INSERT INTO KRIM_TYP_T(KIM_TYP_ID, OBJ_ID, VER_NBR, NM, SRVC_NM, ACTV_IND, NMSPC_CD)
  VALUES('4', '5ADF18B6D4B57954E0404F8189D85002', 1, 'Action Request Type', 'actionRequestTypePermissionTypeService', 'Y', 'KR-WKFLW')
/
INSERT INTO KRIM_TYP_T(KIM_TYP_ID, OBJ_ID, VER_NBR, NM, SRVC_NM, ACTV_IND, NMSPC_CD)
  VALUES('5', '5ADF18B6D4B87954E0404F8189D85002', 1, 'Document Type & Action Request Type', 'documentTypeAndActionRequestTypePermissionTypeService', 'Y', 'KR-WKFLW')
/
INSERT INTO KRIM_TYP_T(KIM_TYP_ID, OBJ_ID, VER_NBR, NM, SRVC_NM, ACTV_IND, NMSPC_CD)
  VALUES('1', '5ADF18B6D4827954E0404F8189D85002', 1, 'Default', NULL, 'Y', 'KUALI')
/
INSERT INTO KRIM_TYP_T(KIM_TYP_ID, OBJ_ID, VER_NBR, NM, SRVC_NM, ACTV_IND, NMSPC_CD)
  VALUES('2', '5ADF18B6D4837954E0404F8189D85002', 1, 'Derived Role: Principal', 'activePrincipalRoleTypeService', 'Y', 'KR-IDM')
/
INSERT INTO KRIM_TYP_T(KIM_TYP_ID, OBJ_ID, VER_NBR, NM, SRVC_NM, ACTV_IND, NMSPC_CD)
  VALUES('7', '5ADF18B6D4C07954E0404F8189D85002', 1, 'Document Type & Routing Node', 'responsibilityResponsibilityTypeService', 'Y', 'KR-WKFLW')
/
INSERT INTO KRIM_TYP_T(KIM_TYP_ID, OBJ_ID, VER_NBR, NM, SRVC_NM, ACTV_IND, NMSPC_CD)
  VALUES('8', '5ADF18B6D4C67954E0404F8189D85002', 1, 'Document Type & Routing Node or State', 'documentTypeAndNodeOrStatePermissionTypeService', 'Y', 'KR-SYS')
/
INSERT INTO KRIM_TYP_T(KIM_TYP_ID, OBJ_ID, VER_NBR, NM, SRVC_NM, ACTV_IND, NMSPC_CD)
  VALUES('9', '5ADF18B6D4CD7954E0404F8189D85002', 1, 'Document Collection', 'documentCollectionPermissionTypeService', 'Y', 'KR-NS')
/
INSERT INTO KRIM_TYP_T(KIM_TYP_ID, OBJ_ID, VER_NBR, NM, SRVC_NM, ACTV_IND, NMSPC_CD)
  VALUES('10', '5ADF18B6D4D77954E0404F8189D85002', 1, 'Namespace or Component', 'namespaceOrComponentPermissionTypeService', 'Y', 'KR-NS')
/
INSERT INTO KRIM_TYP_T(KIM_TYP_ID, OBJ_ID, VER_NBR, NM, SRVC_NM, ACTV_IND, NMSPC_CD)
  VALUES('11', '5ADF18B6D4DC7954E0404F8189D85002', 1, 'Component Field', 'componentFieldPermissionTypeService', 'Y', 'KR-NS')
/
INSERT INTO KRIM_TYP_T(KIM_TYP_ID, OBJ_ID, VER_NBR, NM, SRVC_NM, ACTV_IND, NMSPC_CD)
  VALUES('12', '5ADF18B6D4E37954E0404F8189D85002', 1, 'Namespace or Action', 'namespaceOrActionPermissionTypeService', 'Y', 'KR-NS')
/
INSERT INTO KRIM_TYP_T(KIM_TYP_ID, OBJ_ID, VER_NBR, NM, SRVC_NM, ACTV_IND, NMSPC_CD)
  VALUES('13', '5ADF18B6D4E77954E0404F8189D85002', 1, 'Button', 'buttonPermissionTypeService', 'Y', 'KR-NS')
/
INSERT INTO KRIM_TYP_T(KIM_TYP_ID, OBJ_ID, VER_NBR, NM, SRVC_NM, ACTV_IND, NMSPC_CD)
  VALUES('14', '5ADF18B6D4EA7954E0404F8189D85002', 1, 'Edit Mode', 'editModePermissionTypeService', 'Y', 'KR-NS')
/
INSERT INTO KRIM_TYP_T(KIM_TYP_ID, OBJ_ID, VER_NBR, NM, SRVC_NM, ACTV_IND, NMSPC_CD)
  VALUES('15', '5ADF18B6D4ED7954E0404F8189D85002', 1, 'Batch Feed or Job', 'batchFeedOrJobPermissionTypeService', 'Y', 'KR-NS')
/
INSERT INTO KRIM_TYP_T(KIM_TYP_ID, OBJ_ID, VER_NBR, NM, SRVC_NM, ACTV_IND, NMSPC_CD)
  VALUES('16', '5ADF18B6D4F27954E0404F8189D85002', 1, 'Parameter', 'parameterPermissionTypeService', 'Y', 'KR-NS')
/
INSERT INTO KRIM_TYP_T(KIM_TYP_ID, OBJ_ID, VER_NBR, NM, SRVC_NM, ACTV_IND, NMSPC_CD)
  VALUES('18', '5ADF18B6D4F97954E0404F8189D85002', 1, 'Role', NULL, 'Y', 'KR-IDM')
/
INSERT INTO KRIM_TYP_T(KIM_TYP_ID, OBJ_ID, VER_NBR, NM, SRVC_NM, ACTV_IND, NMSPC_CD)
  VALUES('19', '5ADF18B6D4FD7954E0404F8189D85002', 1, 'Permission', NULL, 'Y', 'KR-IDM')
/
INSERT INTO KRIM_TYP_T(KIM_TYP_ID, OBJ_ID, VER_NBR, NM, SRVC_NM, ACTV_IND, NMSPC_CD)
  VALUES('20', '5ADF18B6D5017954E0404F8189D85002', 1, 'Responsibility', NULL, 'Y', 'KR-IDM')
/
INSERT INTO KRIM_TYP_T(KIM_TYP_ID, OBJ_ID, VER_NBR, NM, SRVC_NM, ACTV_IND, NMSPC_CD)
  VALUES('21', '5ADF18B6D5057954E0404F8189D85002', 1, 'Group', NULL, 'Y', 'KR-IDM')
/
INSERT INTO KRIM_TYP_T(KIM_TYP_ID, OBJ_ID, VER_NBR, NM, SRVC_NM, ACTV_IND, NMSPC_CD)
  VALUES('22', '5ADF18B6D5097954E0404F8189D85002', 1, 'Entity Type & Field(s)', NULL, 'Y', 'KR-IDM')
/
INSERT INTO KRIM_TYP_T(KIM_TYP_ID, OBJ_ID, VER_NBR, NM, SRVC_NM, ACTV_IND, NMSPC_CD)
  VALUES('42', '5ADF18B6D53B7954E0404F8189D85002', 1, 'Derived Role: Action Request', 'actionRequestDerivedRoleTypeService', 'Y', 'KR-WKFLW')
/
INSERT INTO KRIM_TYP_T(KIM_TYP_ID, OBJ_ID, VER_NBR, NM, SRVC_NM, ACTV_IND, NMSPC_CD)
  VALUES('43', '5ADF18B6D53C7954E0404F8189D85002', 1, 'Derived Role: Route Log', 'routeLogDerivedRoleTypeService', 'Y', 'KR-WKFLW')
/
INSERT INTO KRIM_TYP_T(KIM_TYP_ID, OBJ_ID, VER_NBR, NM, SRVC_NM, ACTV_IND, NMSPC_CD)
  VALUES('44', '5B1B6B919CD26496E0404F8189D822F2', 1, 'Namespace', 'namespaceRoleTypeService', 'Y', 'KR-SYS')
/
INSERT INTO KRIM_TYP_T(KIM_TYP_ID, OBJ_ID, VER_NBR, NM, SRVC_NM, ACTV_IND, NMSPC_CD)
  VALUES('45', '5B6013B3AD131A9CE0404F8189D87094', 1, 'Derived Role: Permission', 'documentEditorRoleTypeService', 'Y', 'KR-NS')
/
INSERT INTO KRIM_TYP_T(KIM_TYP_ID, OBJ_ID, VER_NBR, NM, SRVC_NM, ACTV_IND, NMSPC_CD)
  VALUES('52', '5C997D14EAC2FE40E0404F8189D87DC5', 1, 'Document Type, Routing Node & Field(s)', 'documentTypeAndNodeAndFieldsPermissionTypeService', 'Y', 'KR-SYS')
/



INSERT INTO KRIM_ATTR_DEFN_T (ACTV_IND,CMPNT_NM,KIM_ATTR_DEFN_ID,NM,NMSPC_CD,OBJ_ID,VER_NBR)
  VALUES ('Y','org.kuali.rice.kim.bo.impl.KimAttributes','1','beanName','KR-SYS','5ADF18B6D4887954E0404F8189D85002',1)
/
INSERT INTO KRIM_ATTR_DEFN_T (ACTV_IND,CMPNT_NM,KIM_ATTR_DEFN_ID,NM,NMSPC_CD,OBJ_ID,VER_NBR)
  VALUES ('Y','org.kuali.rice.kim.bo.impl.KimAttributes','10','editMode','KR-NS','5ADF18B6D4917954E0404F8189D85002',1)
/
INSERT INTO KRIM_ATTR_DEFN_T (ACTV_IND,CMPNT_NM,KIM_ATTR_DEFN_ID,NM,NMSPC_CD,OBJ_ID,VER_NBR)
  VALUES ('Y','org.kuali.rice.kim.bo.impl.KimAttributes','11','parameterName','KR-NS','5ADF18B6D4927954E0404F8189D85002',1)
/
INSERT INTO KRIM_ATTR_DEFN_T (ACTV_IND,CMPNT_NM,KIM_ATTR_DEFN_ID,NM,NMSPC_CD,OBJ_ID,VER_NBR)
  VALUES ('Y','org.kuali.rice.kim.bo.impl.KimAttributes','12','campusCode','KR-NS','5ADF18B6D4937954E0404F8189D85002',1)
/
INSERT INTO KRIM_ATTR_DEFN_T (ACTV_IND,CMPNT_NM,KIM_ATTR_DEFN_ID,NM,NMSPC_CD,OBJ_ID,VER_NBR)
  VALUES ('Y','org.kuali.rice.kim.bo.impl.KimAttributes','13','documentTypeName','KR-WKFLW','5ADF18B6D4947954E0404F8189D85002',1)
/
INSERT INTO KRIM_ATTR_DEFN_T (ACTV_IND,CMPNT_NM,KIM_ATTR_DEFN_ID,NM,NMSPC_CD,OBJ_ID,VER_NBR)
  VALUES ('Y','org.kuali.rice.kim.bo.impl.KimAttributes','14','actionRequestCd','KR-WKFLW','5ADF18B6D4957954E0404F8189D85002',1)
/
INSERT INTO KRIM_ATTR_DEFN_T (ACTV_IND,CMPNT_NM,KIM_ATTR_DEFN_ID,NM,NMSPC_CD,OBJ_ID,VER_NBR)
  VALUES ('Y','org.kuali.rice.kim.bo.impl.KimAttributes','15','routeStatusCode','KR-WKFLW','5ADF18B6D4967954E0404F8189D85002',1)
/
INSERT INTO KRIM_ATTR_DEFN_T (ACTV_IND,CMPNT_NM,KIM_ATTR_DEFN_ID,NM,NMSPC_CD,OBJ_ID,VER_NBR)
  VALUES ('Y','org.kuali.rice.kim.bo.impl.KimAttributes','16','routeNodeName','KR-WKFLW','5ADF18B6D4977954E0404F8189D85002',1)
/
INSERT INTO KRIM_ATTR_DEFN_T (ACTV_IND,CMPNT_NM,KIM_ATTR_DEFN_ID,NM,NMSPC_CD,OBJ_ID,VER_NBR)
  VALUES ('Y','org.kuali.rice.kim.bo.impl.KimAttributes','17','entityTypeCode','KR-IDM','5ADF18B6D4987954E0404F8189D85002',1)
/
INSERT INTO KRIM_ATTR_DEFN_T (ACTV_IND,CMPNT_NM,KIM_ATTR_DEFN_ID,NM,NMSPC_CD,OBJ_ID,VER_NBR)
  VALUES ('Y','org.kuali.rice.kim.bo.impl.KimAttributes','18','roleName','KR-IDM','5ADF18B6D4997954E0404F8189D85002',1)
/
INSERT INTO KRIM_ATTR_DEFN_T (ACTV_IND,CMPNT_NM,KIM_ATTR_DEFN_ID,NM,NMSPC_CD,OBJ_ID,VER_NBR)
  VALUES ('Y','org.kuali.rice.kim.bo.impl.KimAttributes','19','permissionName','KR-IDM','5ADF18B6D49A7954E0404F8189D85002',1)
/
INSERT INTO KRIM_ATTR_DEFN_T (ACTV_IND,CMPNT_NM,KIM_ATTR_DEFN_ID,NM,NMSPC_CD,OBJ_ID,VER_NBR)
  VALUES ('Y','org.kuali.rice.kim.bo.impl.KimAttributes','2','actionClass','KR-SYS','5ADF18B6D4897954E0404F8189D85002',1)
/
INSERT INTO KRIM_ATTR_DEFN_T (ACTV_IND,CMPNT_NM,KIM_ATTR_DEFN_ID,NM,NMSPC_CD,OBJ_ID,VER_NBR)
  VALUES ('Y','org.kuali.rice.kim.bo.impl.KimAttributes','20','responsibilityName','KR-IDM','5ADF18B6D49B7954E0404F8189D85002',1)
/
INSERT INTO KRIM_ATTR_DEFN_T (ACTV_IND,CMPNT_NM,KIM_ATTR_DEFN_ID,NM,NMSPC_CD,OBJ_ID,VER_NBR)
  VALUES ('Y','org.kuali.rice.kim.bo.impl.KimAttributes','21','groupName','KR-IDM','5ADF18B6D49C7954E0404F8189D85002',1)
/
INSERT INTO KRIM_ATTR_DEFN_T (ACTV_IND,CMPNT_NM,KIM_ATTR_DEFN_ID,NM,NMSPC_CD,OBJ_ID,VER_NBR)
  VALUES ('Y','org.kuali.rice.kim.bo.impl.KimAttributes','3','methodToCall','KR-SYS','5ADF18B6D48A7954E0404F8189D85002',1)
/
INSERT INTO KRIM_ATTR_DEFN_T (ACTV_IND,CMPNT_NM,KIM_ATTR_DEFN_ID,NM,NMSPC_CD,OBJ_ID,VER_NBR)
  VALUES ('Y','org.kuali.rice.kim.bo.impl.KimAttributes','4','namespaceCode','KR-NS','5ADF18B6D48B7954E0404F8189D85002',1)
/
INSERT INTO KRIM_ATTR_DEFN_T (ACTV_IND,CMPNT_NM,KIM_ATTR_DEFN_ID,NM,NMSPC_CD,OBJ_ID,VER_NBR)
  VALUES ('Y','org.kuali.rice.kim.bo.impl.KimAttributes','40','required','KR-WKFLW','5C4970B2B2DF8277E0404F8189D80B30',1)
/
INSERT INTO KRIM_ATTR_DEFN_T (ACTV_IND,CMPNT_NM,KIM_ATTR_DEFN_ID,NM,NMSPC_CD,OBJ_ID,VER_NBR)
  VALUES ('Y','org.kuali.rice.kim.bo.impl.KimAttributes','41','actionDetailsAtRoleMemberLevel','KR-WKFLW','5C4970B2B2E08277E0404F8189D80B30',1)
/
INSERT INTO KRIM_ATTR_DEFN_T (ACTV_IND,CMPNT_NM,KIM_ATTR_DEFN_ID,NM,NMSPC_CD,OBJ_ID,VER_NBR)
  VALUES ('Y','org.kuali.rice.kim.bo.impl.KimAttributes','42','documentNumber','KR-NS','5C7D997640635002E0404F8189D86F11',1)
/
INSERT INTO KRIM_ATTR_DEFN_T (ACTV_IND,CMPNT_NM,KIM_ATTR_DEFN_ID,NM,NMSPC_CD,OBJ_ID,VER_NBR)
  VALUES ('Y','org.kuali.rice.kim.bo.impl.KimAttributes','5','componentName','KR-NS','5ADF18B6D48C7954E0404F8189D85002',1)
/
INSERT INTO KRIM_ATTR_DEFN_T (ACTV_IND,CMPNT_NM,KIM_ATTR_DEFN_ID,NM,NMSPC_CD,OBJ_ID,VER_NBR)
  VALUES ('Y','org.kuali.rice.kim.bo.impl.KimAttributes','6','propertyName','KR-NS','5ADF18B6D48D7954E0404F8189D85002',1)
/
INSERT INTO KRIM_ATTR_DEFN_T (ACTV_IND,CMPNT_NM,KIM_ATTR_DEFN_ID,NM,NMSPC_CD,OBJ_ID,VER_NBR)
  VALUES ('Y','org.kuali.rice.kim.bo.impl.KimAttributes','8','createdBySelfOnly','KR-NS','5ADF18B6D48F7954E0404F8189D85002',1)
/
INSERT INTO KRIM_ATTR_DEFN_T (ACTV_IND,CMPNT_NM,KIM_ATTR_DEFN_ID,NM,NMSPC_CD,OBJ_ID,VER_NBR)
  VALUES ('Y','org.kuali.rice.kim.bo.impl.KimAttributes','9','collectionItemTypeCode','KR-NS','5ADF18B6D4907954E0404F8189D85002',1)
/


INSERT INTO KRIM_TYP_ATTR_T(KIM_TYP_ATTR_ID, OBJ_ID, VER_NBR, KIM_TYP_ID, KIM_ATTR_DEFN_ID, ACTV_IND, SORT_CD)
  VALUES('1', '5ADF18B6D4AD7954E0404F8189D85002', 1, '3', '13', 'Y', 'a')
/
INSERT INTO KRIM_TYP_ATTR_T(KIM_TYP_ATTR_ID, OBJ_ID, VER_NBR, KIM_TYP_ID, KIM_ATTR_DEFN_ID, ACTV_IND, SORT_CD)
  VALUES('2', '5ADF18B6D4B67954E0404F8189D85002', 1, '4', '14', 'Y', 'a')
/
INSERT INTO KRIM_TYP_ATTR_T(KIM_TYP_ATTR_ID, OBJ_ID, VER_NBR, KIM_TYP_ID, KIM_ATTR_DEFN_ID, ACTV_IND, SORT_CD)
  VALUES('3', '5ADF18B6D4B97954E0404F8189D85002', 1, '5', '13', 'Y', 'a')
/
INSERT INTO KRIM_TYP_ATTR_T(KIM_TYP_ATTR_ID, OBJ_ID, VER_NBR, KIM_TYP_ID, KIM_ATTR_DEFN_ID, ACTV_IND, SORT_CD)
  VALUES('4', '5ADF18B6D4BA7954E0404F8189D85002', 1, '5', '14', 'Y', 'b')
/
INSERT INTO KRIM_TYP_ATTR_T(KIM_TYP_ATTR_ID, OBJ_ID, VER_NBR, KIM_TYP_ID, KIM_ATTR_DEFN_ID, ACTV_IND, SORT_CD)
  VALUES('7', '5ADF18B6D4C17954E0404F8189D85002', 1, '7', '13', 'Y', 'a')
/
INSERT INTO KRIM_TYP_ATTR_T(KIM_TYP_ATTR_ID, OBJ_ID, VER_NBR, KIM_TYP_ID, KIM_ATTR_DEFN_ID, ACTV_IND, SORT_CD)
  VALUES('8', '5ADF18B6D4C27954E0404F8189D85002', 1, '7', '16', 'Y', 'b')
/
INSERT INTO KRIM_TYP_ATTR_T(KIM_TYP_ATTR_ID, OBJ_ID, VER_NBR, KIM_TYP_ID, KIM_ATTR_DEFN_ID, ACTV_IND, SORT_CD)
  VALUES('9', '5ADF18B6D4C77954E0404F8189D85002', 1, '8', '13', 'Y', 'a')
/
INSERT INTO KRIM_TYP_ATTR_T(KIM_TYP_ATTR_ID, OBJ_ID, VER_NBR, KIM_TYP_ID, KIM_ATTR_DEFN_ID, ACTV_IND, SORT_CD)
  VALUES('10', '5ADF18B6D4C87954E0404F8189D85002', 1, '8', '15', 'Y', 'c')
/
INSERT INTO KRIM_TYP_ATTR_T(KIM_TYP_ATTR_ID, OBJ_ID, VER_NBR, KIM_TYP_ID, KIM_ATTR_DEFN_ID, ACTV_IND, SORT_CD)
  VALUES('11', '5ADF18B6D4C97954E0404F8189D85002', 1, '8', '16', 'Y', 'b')
/
INSERT INTO KRIM_TYP_ATTR_T(KIM_TYP_ATTR_ID, OBJ_ID, VER_NBR, KIM_TYP_ID, KIM_ATTR_DEFN_ID, ACTV_IND, SORT_CD)
  VALUES('12', '5ADF18B6D4CE7954E0404F8189D85002', 1, '9', '13', 'Y', 'a')
/
INSERT INTO KRIM_TYP_ATTR_T(KIM_TYP_ATTR_ID, OBJ_ID, VER_NBR, KIM_TYP_ID, KIM_ATTR_DEFN_ID, ACTV_IND, SORT_CD)
  VALUES('13', '5ADF18B6D4CF7954E0404F8189D85002', 1, '9', '8', 'Y', 'b')
/
INSERT INTO KRIM_TYP_ATTR_T(KIM_TYP_ATTR_ID, OBJ_ID, VER_NBR, KIM_TYP_ID, KIM_ATTR_DEFN_ID, ACTV_IND, SORT_CD)
  VALUES('14', '5ADF18B6D4D07954E0404F8189D85002', 1, '9', '9', 'Y', 'c')
/
INSERT INTO KRIM_TYP_ATTR_T(KIM_TYP_ATTR_ID, OBJ_ID, VER_NBR, KIM_TYP_ID, KIM_ATTR_DEFN_ID, ACTV_IND, SORT_CD)
  VALUES('15', '5ADF18B6D4D87954E0404F8189D85002', 1, '10', '4', 'Y', 'a')
/
INSERT INTO KRIM_TYP_ATTR_T(KIM_TYP_ATTR_ID, OBJ_ID, VER_NBR, KIM_TYP_ID, KIM_ATTR_DEFN_ID, ACTV_IND, SORT_CD)
  VALUES('16', '5ADF18B6D4D97954E0404F8189D85002', 1, '10', '5', 'Y', 'b')
/
INSERT INTO KRIM_TYP_ATTR_T(KIM_TYP_ATTR_ID, OBJ_ID, VER_NBR, KIM_TYP_ID, KIM_ATTR_DEFN_ID, ACTV_IND, SORT_CD)
  VALUES('17', '5ADF18B6D4DD7954E0404F8189D85002', 1, '11', '5', 'Y', 'a')
/
INSERT INTO KRIM_TYP_ATTR_T(KIM_TYP_ATTR_ID, OBJ_ID, VER_NBR, KIM_TYP_ID, KIM_ATTR_DEFN_ID, ACTV_IND, SORT_CD)
  VALUES('18', '5ADF18B6D4DE7954E0404F8189D85002', 1, '11', '6', 'Y', 'b')
/
INSERT INTO KRIM_TYP_ATTR_T(KIM_TYP_ATTR_ID, OBJ_ID, VER_NBR, KIM_TYP_ID, KIM_ATTR_DEFN_ID, ACTV_IND, SORT_CD)
  VALUES('19', '5ADF18B6D4E47954E0404F8189D85002', 1, '12', '4', 'Y', 'a')
/
INSERT INTO KRIM_TYP_ATTR_T(KIM_TYP_ATTR_ID, OBJ_ID, VER_NBR, KIM_TYP_ID, KIM_ATTR_DEFN_ID, ACTV_IND, SORT_CD)
  VALUES('20', '5ADF18B6D4E57954E0404F8189D85002', 1, '12', '2', 'Y', 'b')
/
INSERT INTO KRIM_TYP_ATTR_T(KIM_TYP_ATTR_ID, OBJ_ID, VER_NBR, KIM_TYP_ID, KIM_ATTR_DEFN_ID, ACTV_IND, SORT_CD)
  VALUES('21', '5ADF18B6D4E87954E0404F8189D85002', 1, '13', '3', 'Y', 'a')
/
INSERT INTO KRIM_TYP_ATTR_T(KIM_TYP_ATTR_ID, OBJ_ID, VER_NBR, KIM_TYP_ID, KIM_ATTR_DEFN_ID, ACTV_IND, SORT_CD)
  VALUES('22', '5ADF18B6D4EB7954E0404F8189D85002', 1, '14', '10', 'Y', 'a')
/
INSERT INTO KRIM_TYP_ATTR_T(KIM_TYP_ATTR_ID, OBJ_ID, VER_NBR, KIM_TYP_ID, KIM_ATTR_DEFN_ID, ACTV_IND, SORT_CD)
  VALUES('23', '5ADF18B6D4EE7954E0404F8189D85002', 1, '15', '4', 'Y', 'a')
/
INSERT INTO KRIM_TYP_ATTR_T(KIM_TYP_ATTR_ID, OBJ_ID, VER_NBR, KIM_TYP_ID, KIM_ATTR_DEFN_ID, ACTV_IND, SORT_CD)
  VALUES('24', '5ADF18B6D4EF7954E0404F8189D85002', 1, '15', '1', 'Y', 'b')
/
INSERT INTO KRIM_TYP_ATTR_T(KIM_TYP_ATTR_ID, OBJ_ID, VER_NBR, KIM_TYP_ID, KIM_ATTR_DEFN_ID, ACTV_IND, SORT_CD)
  VALUES('25', '5ADF18B6D4F37954E0404F8189D85002', 1, '16', '4', 'Y', 'a')
/
INSERT INTO KRIM_TYP_ATTR_T(KIM_TYP_ATTR_ID, OBJ_ID, VER_NBR, KIM_TYP_ID, KIM_ATTR_DEFN_ID, ACTV_IND, SORT_CD)
  VALUES('26', '5ADF18B6D4F47954E0404F8189D85002', 1, '16', '5', 'Y', 'b')
/
INSERT INTO KRIM_TYP_ATTR_T(KIM_TYP_ATTR_ID, OBJ_ID, VER_NBR, KIM_TYP_ID, KIM_ATTR_DEFN_ID, ACTV_IND, SORT_CD)
  VALUES('27', '5ADF18B6D4F57954E0404F8189D85002', 1, '16', '11', 'Y', 'c')
/
INSERT INTO KRIM_TYP_ATTR_T(KIM_TYP_ATTR_ID, OBJ_ID, VER_NBR, KIM_TYP_ID, KIM_ATTR_DEFN_ID, ACTV_IND, SORT_CD)
  VALUES('29', '5ADF18B6D4FA7954E0404F8189D85002', 1, '18', '4', 'Y', 'a')
/
INSERT INTO KRIM_TYP_ATTR_T(KIM_TYP_ATTR_ID, OBJ_ID, VER_NBR, KIM_TYP_ID, KIM_ATTR_DEFN_ID, ACTV_IND, SORT_CD)
  VALUES('30', '5ADF18B6D4FB7954E0404F8189D85002', 1, '18', '18', 'Y', 'b')
/
INSERT INTO KRIM_TYP_ATTR_T(KIM_TYP_ATTR_ID, OBJ_ID, VER_NBR, KIM_TYP_ID, KIM_ATTR_DEFN_ID, ACTV_IND, SORT_CD)
  VALUES('31', '5ADF18B6D4FE7954E0404F8189D85002', 1, '19', '4', 'Y', 'a')
/
INSERT INTO KRIM_TYP_ATTR_T(KIM_TYP_ATTR_ID, OBJ_ID, VER_NBR, KIM_TYP_ID, KIM_ATTR_DEFN_ID, ACTV_IND, SORT_CD)
  VALUES('32', '5ADF18B6D4FF7954E0404F8189D85002', 1, '19', '19', 'Y', 'b')
/
INSERT INTO KRIM_TYP_ATTR_T(KIM_TYP_ATTR_ID, OBJ_ID, VER_NBR, KIM_TYP_ID, KIM_ATTR_DEFN_ID, ACTV_IND, SORT_CD)
  VALUES('33', '5ADF18B6D5027954E0404F8189D85002', 1, '20', '4', 'Y', 'a')
/
INSERT INTO KRIM_TYP_ATTR_T(KIM_TYP_ATTR_ID, OBJ_ID, VER_NBR, KIM_TYP_ID, KIM_ATTR_DEFN_ID, ACTV_IND, SORT_CD)
  VALUES('34', '5ADF18B6D5037954E0404F8189D85002', 1, '20', '20', 'Y', 'b')
/
INSERT INTO KRIM_TYP_ATTR_T(KIM_TYP_ATTR_ID, OBJ_ID, VER_NBR, KIM_TYP_ID, KIM_ATTR_DEFN_ID, ACTV_IND, SORT_CD)
  VALUES('35', '5ADF18B6D5067954E0404F8189D85002', 1, '21', '4', 'Y', 'a')
/
INSERT INTO KRIM_TYP_ATTR_T(KIM_TYP_ATTR_ID, OBJ_ID, VER_NBR, KIM_TYP_ID, KIM_ATTR_DEFN_ID, ACTV_IND, SORT_CD)
  VALUES('36', '5ADF18B6D5077954E0404F8189D85002', 1, '21', '21', 'Y', 'b')
/
INSERT INTO KRIM_TYP_ATTR_T(KIM_TYP_ATTR_ID, OBJ_ID, VER_NBR, KIM_TYP_ID, KIM_ATTR_DEFN_ID, ACTV_IND, SORT_CD)
  VALUES('37', '5ADF18B6D50A7954E0404F8189D85002', 1, '22', '17', 'Y', 'a')
/
INSERT INTO KRIM_TYP_ATTR_T(KIM_TYP_ATTR_ID, OBJ_ID, VER_NBR, KIM_TYP_ID, KIM_ATTR_DEFN_ID, ACTV_IND, SORT_CD)
  VALUES('66', '5B1B6B919CD36496E0404F8189D822F2', 1, '44', '4', 'Y', 'a')
/
INSERT INTO KRIM_TYP_ATTR_T(KIM_TYP_ATTR_ID, OBJ_ID, VER_NBR, KIM_TYP_ID, KIM_ATTR_DEFN_ID, ACTV_IND, SORT_CD)
  VALUES('80', '5C4970B2B2E18277E0404F8189D80B30', 1, '7', '40', 'Y', 'c')
/
INSERT INTO KRIM_TYP_ATTR_T(KIM_TYP_ATTR_ID, OBJ_ID, VER_NBR, KIM_TYP_ID, KIM_ATTR_DEFN_ID, ACTV_IND, SORT_CD)
  VALUES('72', '5B47A17D07C2E43DE0404F8189D873F1', 1, '22', '6', 'Y', 'c')
/
INSERT INTO KRIM_TYP_ATTR_T(KIM_TYP_ATTR_ID, OBJ_ID, VER_NBR, KIM_TYP_ID, KIM_ATTR_DEFN_ID, ACTV_IND, SORT_CD)
  VALUES('81', '5C4970B2B2E28277E0404F8189D80B30', 1, '7', '41', 'Y', 'd')
/
INSERT INTO KRIM_TYP_ATTR_T(KIM_TYP_ATTR_ID, OBJ_ID, VER_NBR, KIM_TYP_ID, KIM_ATTR_DEFN_ID, ACTV_IND, SORT_CD)
  VALUES('89', '5C7D997640695002E0404F8189D86F11', 1, '42', '42', 'Y', 'a')
/
INSERT INTO KRIM_TYP_ATTR_T(KIM_TYP_ATTR_ID, OBJ_ID, VER_NBR, KIM_TYP_ID, KIM_ATTR_DEFN_ID, ACTV_IND, SORT_CD)
  VALUES('90', '5C7D9976406A5002E0404F8189D86F11', 1, '42', '14', 'Y', 'b')
/
INSERT INTO KRIM_TYP_ATTR_T(KIM_TYP_ATTR_ID, OBJ_ID, VER_NBR, KIM_TYP_ID, KIM_ATTR_DEFN_ID, ACTV_IND, SORT_CD)
  VALUES('91', '5C7D9976406B5002E0404F8189D86F11', 1, '43', '42', 'Y', 'a')
/


INSERT INTO KRIM_PERM_TMPL_T (ACTV_IND,KIM_TYP_ID,NM,NMSPC_CD,OBJ_ID,PERM_TMPL_ID,VER_NBR)
  VALUES ('Y','1','Default','KUALI','5ADF18B6D4857954E0404F8189D85002','1',1)
/
INSERT INTO KRIM_PERM_TMPL_T (ACTV_IND,KIM_TYP_ID,NM,NMSPC_CD,OBJ_ID,PERM_TMPL_ID,VER_NBR)
  VALUES ('Y','3','Initiate Document','KR-SYS','5ADF18B6D4BF7954E0404F8189D85002','10',1)
/
INSERT INTO KRIM_PERM_TMPL_T (ACTV_IND,KIM_TYP_ID,NM,NMSPC_CD,OBJ_ID,PERM_TMPL_ID,VER_NBR)
  VALUES ('Y','8','Cancel Document','KR-WKFLW','5ADF18B6D4CA7954E0404F8189D85002','14',1)
/
INSERT INTO KRIM_PERM_TMPL_T (ACTV_IND,KIM_TYP_ID,NM,NMSPC_CD,OBJ_ID,PERM_TMPL_ID,VER_NBR)
  VALUES ('Y','8','Save Document','KR-WKFLW','5ADF18B6D4CB7954E0404F8189D85002','15',1)
/
INSERT INTO KRIM_PERM_TMPL_T (ACTV_IND,KIM_TYP_ID,NM,NMSPC_CD,OBJ_ID,PERM_TMPL_ID,VER_NBR)
  VALUES ('Y','8','Edit Document','KR-NS','5ADF18B6D4CC7954E0404F8189D85002','16',1)
/
INSERT INTO KRIM_PERM_TMPL_T (ACTV_IND,KIM_TYP_ID,NM,NMSPC_CD,OBJ_ID,PERM_TMPL_ID,VER_NBR)
  VALUES ('Y','9','Add Attachment','KR-NS','5ADF18B6D4D17954E0404F8189D85002','17',1)
/
INSERT INTO KRIM_PERM_TMPL_T (ACTV_IND,KIM_TYP_ID,NM,NMSPC_CD,OBJ_ID,PERM_TMPL_ID,VER_NBR)
  VALUES ('Y','9','Add Note','KR-NS','5ADF18B6D4D27954E0404F8189D85002','18',1)
/
INSERT INTO KRIM_PERM_TMPL_T (ACTV_IND,KIM_TYP_ID,NM,NMSPC_CD,OBJ_ID,PERM_TMPL_ID,VER_NBR)
  VALUES ('Y','9','Delete Attachment','KR-NS','5ADF18B6D4D37954E0404F8189D85002','19',1)
/
INSERT INTO KRIM_PERM_TMPL_T (ACTV_IND,KIM_TYP_ID,NM,NMSPC_CD,OBJ_ID,PERM_TMPL_ID,VER_NBR)
  VALUES ('Y','3','Copy Document','KR-NS','5ADF18B6D4AF7954E0404F8189D85002','2',1)
/
INSERT INTO KRIM_PERM_TMPL_T (ACTV_IND,KIM_TYP_ID,NM,NMSPC_CD,OBJ_ID,PERM_TMPL_ID,VER_NBR)
  VALUES ('Y','9','Delete Note','KR-NS','5ADF18B6D4D47954E0404F8189D85002','20',1)
/
INSERT INTO KRIM_PERM_TMPL_T (ACTV_IND,KIM_TYP_ID,NM,NMSPC_CD,OBJ_ID,PERM_TMPL_ID,VER_NBR)
  VALUES ('Y','9','Edit Attachment','KR-NS','5ADF18B6D4D57954E0404F8189D85002','21',1)
/
INSERT INTO KRIM_PERM_TMPL_T (ACTV_IND,KIM_TYP_ID,NM,NMSPC_CD,OBJ_ID,PERM_TMPL_ID,VER_NBR)
  VALUES ('Y','9','Edit Note','KR-NS','5ADF18B6D4D67954E0404F8189D85002','22',1)
/
INSERT INTO KRIM_PERM_TMPL_T (ACTV_IND,KIM_TYP_ID,NM,NMSPC_CD,OBJ_ID,PERM_TMPL_ID,VER_NBR)
  VALUES ('Y','10','Look Up Records','KR-NS','5ADF18B6D4DA7954E0404F8189D85002','23',1)
/
INSERT INTO KRIM_PERM_TMPL_T (ACTV_IND,KIM_TYP_ID,NM,NMSPC_CD,OBJ_ID,PERM_TMPL_ID,VER_NBR)
  VALUES ('Y','10','Inquire Into Records','KR-NS','5ADF18B6D4DB7954E0404F8189D85002','24',1)
/
INSERT INTO KRIM_PERM_TMPL_T (ACTV_IND,KIM_TYP_ID,NM,NMSPC_CD,OBJ_ID,PERM_TMPL_ID,VER_NBR)
  VALUES ('Y','11','View Inquiry or Maintenance Document Field(s)','KR-NS','5ADF18B6D4DF7954E0404F8189D85002','25',1)
/
INSERT INTO KRIM_PERM_TMPL_T (ACTV_IND,KIM_TYP_ID,NM,NMSPC_CD,OBJ_ID,PERM_TMPL_ID,VER_NBR)
  VALUES ('Y','11','Modify Maintenance Document Field(s)','KR-NS','5ADF18B6D4E07954E0404F8189D85002','26',1)
/
INSERT INTO KRIM_PERM_TMPL_T (ACTV_IND,KIM_TYP_ID,NM,NMSPC_CD,OBJ_ID,PERM_TMPL_ID,VER_NBR)
  VALUES ('Y','11','Full Unmask Field','KR-NS','5ADF18B6D4E17954E0404F8189D85002','27',1)
/
INSERT INTO KRIM_PERM_TMPL_T (ACTV_IND,KIM_TYP_ID,NM,NMSPC_CD,OBJ_ID,PERM_TMPL_ID,VER_NBR)
  VALUES ('Y','11','Partial Unmask Field','KR-NS','5ADF18B6D4E27954E0404F8189D85002','28',1)
/
INSERT INTO KRIM_PERM_TMPL_T (ACTV_IND,KIM_TYP_ID,NM,NMSPC_CD,OBJ_ID,PERM_TMPL_ID,VER_NBR)
  VALUES ('Y','12','Use Screen','KR-NS','5ADF18B6D4E67954E0404F8189D85002','29',1)
/
INSERT INTO KRIM_PERM_TMPL_T (ACTV_IND,KIM_TYP_ID,NM,NMSPC_CD,OBJ_ID,PERM_TMPL_ID,VER_NBR)
  VALUES ('Y','3','Administer Routing for Document','KR-WKFLW','5ADF18B6D4B07954E0404F8189D85002','3',1)
/
INSERT INTO KRIM_PERM_TMPL_T (ACTV_IND,KIM_TYP_ID,NM,NMSPC_CD,OBJ_ID,PERM_TMPL_ID,VER_NBR)
  VALUES ('Y','13','Perform Custom Maintenance Document Function','KR-NS','5ADF18B6D4E97954E0404F8189D85002','30',1)
/
INSERT INTO KRIM_PERM_TMPL_T (ACTV_IND,KIM_TYP_ID,NM,NMSPC_CD,OBJ_ID,PERM_TMPL_ID,VER_NBR)
  VALUES ('Y','14','Use Transactional Document','KR-NS','5ADF18B6D4EC7954E0404F8189D85002','31',1)
/
INSERT INTO KRIM_PERM_TMPL_T (ACTV_IND,KIM_TYP_ID,NM,NMSPC_CD,OBJ_ID,PERM_TMPL_ID,VER_NBR)
  VALUES ('Y','15','Modify Batch Job','KR-NS','5ADF18B6D4F07954E0404F8189D85002','32',1)
/
INSERT INTO KRIM_PERM_TMPL_T (ACTV_IND,KIM_TYP_ID,NM,NMSPC_CD,OBJ_ID,PERM_TMPL_ID,VER_NBR)
  VALUES ('Y','15','Upload Batch Input File(s)','KR-NS','5ADF18B6D4F17954E0404F8189D85002','33',1)
/
INSERT INTO KRIM_PERM_TMPL_T (ACTV_IND,KIM_TYP_ID,NM,NMSPC_CD,OBJ_ID,PERM_TMPL_ID,VER_NBR)
  VALUES ('Y','16','Maintain System Parameter','KR-NS','5ADF18B6D4F67954E0404F8189D85002','34',1)
/
INSERT INTO KRIM_PERM_TMPL_T (ACTV_IND,KIM_TYP_ID,NM,NMSPC_CD,OBJ_ID,PERM_TMPL_ID,VER_NBR)
  VALUES ('Y','18','Assign Role','KR-IDM','5ADF18B6D4FC7954E0404F8189D85002','35',1)
/
INSERT INTO KRIM_PERM_TMPL_T (ACTV_IND,KIM_TYP_ID,NM,NMSPC_CD,OBJ_ID,PERM_TMPL_ID,VER_NBR)
  VALUES ('Y','19','Grant Permission','KR-IDM','5ADF18B6D5007954E0404F8189D85002','36',1)
/
INSERT INTO KRIM_PERM_TMPL_T (ACTV_IND,KIM_TYP_ID,NM,NMSPC_CD,OBJ_ID,PERM_TMPL_ID,VER_NBR)
  VALUES ('Y','20','Grant Responsibility','KR-IDM','5ADF18B6D5047954E0404F8189D85002','37',1)
/
INSERT INTO KRIM_PERM_TMPL_T (ACTV_IND,KIM_TYP_ID,NM,NMSPC_CD,OBJ_ID,PERM_TMPL_ID,VER_NBR)
  VALUES ('Y','21','Populate Group','KR-IDM','5ADF18B6D5087954E0404F8189D85002','38',1)
/
INSERT INTO KRIM_PERM_TMPL_T (ACTV_IND,KIM_TYP_ID,NM,NMSPC_CD,OBJ_ID,PERM_TMPL_ID,VER_NBR)
  VALUES ('Y','22','Modify Entity','KR-IDM','5ADF18B6D50B7954E0404F8189D85002','39',1)
/
INSERT INTO KRIM_PERM_TMPL_T (ACTV_IND,KIM_TYP_ID,NM,NMSPC_CD,OBJ_ID,PERM_TMPL_ID,VER_NBR)
  VALUES ('Y','3','Blanket Approve Document','KR-WKFLW','5ADF18B6D4B17954E0404F8189D85002','4',1)
/
INSERT INTO KRIM_PERM_TMPL_T (ACTV_IND,KIM_TYP_ID,NM,NMSPC_CD,OBJ_ID,PERM_TMPL_ID,VER_NBR)
  VALUES ('Y','3','Open Document','KR-NS','5ADF18B6D4AE7954E0404F8189D85002','40',1)
/
INSERT INTO KRIM_PERM_TMPL_T (ACTV_IND,KIM_TYP_ID,NM,NMSPC_CD,OBJ_ID,PERM_TMPL_ID,VER_NBR)
  VALUES ('Y','3','Route Document','KR-WKFLW','5ADF18B6D4B27954E0404F8189D85002','5',1)
/
INSERT INTO KRIM_PERM_TMPL_T (ACTV_IND,KIM_TYP_ID,NM,NMSPC_CD,OBJ_ID,PERM_TMPL_ID,VER_NBR)
  VALUES ('Y','4','Take Requested Action','KR-NS','5ADF18B6D4B77954E0404F8189D85002','8',1)
/
INSERT INTO KRIM_PERM_TMPL_T (ACTV_IND,KIM_TYP_ID,NM,NMSPC_CD,OBJ_ID,PERM_TMPL_ID,VER_NBR)
  VALUES ('Y','5','Ad Hoc Review Document','KR-WKFLW','5ADF18B6D4BB7954E0404F8189D85002','9',1)
/


INSERT INTO KRIM_PERM_T (ACTV_IND,NMSPC_CD,OBJ_ID,PERM_ID,PERM_TMPL_ID,VER_NBR)
  VALUES ('Y','KR-WKFLW','5B4F09744944EF33E0404F8189D84F24','140','29',1)
/
INSERT INTO KRIM_PERM_T (ACTV_IND,NMSPC_CD,OBJ_ID,PERM_ID,PERM_TMPL_ID,VER_NBR)
  VALUES ('Y','KR-BUS','5B4F09744945EF33E0404F8189D84F24','141','29',1)
/
INSERT INTO KRIM_PERM_T (ACTV_IND,NMSPC_CD,OBJ_ID,PERM_ID,PERM_TMPL_ID,VER_NBR)
  VALUES ('Y','KR-BUS','5B4F09744946EF33E0404F8189D84F24','142','29',1)
/
INSERT INTO KRIM_PERM_T (ACTV_IND,NMSPC_CD,OBJ_ID,PERM_ID,PERM_TMPL_ID,VER_NBR)
  VALUES ('Y','KR-BUS','5B4F09744947EF33E0404F8189D84F24','143','29',1)
/
INSERT INTO KRIM_PERM_T (ACTV_IND,NMSPC_CD,OBJ_ID,PERM_ID,PERM_TMPL_ID,VER_NBR)
  VALUES ('Y','KR-BUS','5B4F09744948EF33E0404F8189D84F24','144','29',1)
/
INSERT INTO KRIM_PERM_T (ACTV_IND,NMSPC_CD,OBJ_ID,PERM_ID,PERM_TMPL_ID,VER_NBR)
  VALUES ('Y','KR-BUS','5B4F09744949EF33E0404F8189D84F24','145','29',1)
/
INSERT INTO KRIM_PERM_T (ACTV_IND,NMSPC_CD,OBJ_ID,PERM_ID,PERM_TMPL_ID,VER_NBR)
  VALUES ('Y','KR-SYS','5B4F0974494AEF33E0404F8189D84F24','146','9',1)
/
INSERT INTO KRIM_PERM_T (ACTV_IND,NMSPC_CD,OBJ_ID,PERM_ID,PERM_TMPL_ID,VER_NBR)
  VALUES ('Y','KR-SYS','5B4F0974494BEF33E0404F8189D84F24','147','3',1)
/
INSERT INTO KRIM_PERM_T (ACTV_IND,NMSPC_CD,OBJ_ID,PERM_ID,PERM_TMPL_ID,VER_NBR)
  VALUES ('Y','KR-SYS','5B4F0974494CEF33E0404F8189D84F24','148','4',1)
/
INSERT INTO KRIM_PERM_T (ACTV_IND,NMSPC_CD,OBJ_ID,PERM_ID,PERM_TMPL_ID,VER_NBR)
  VALUES ('Y','KR-SYS','5B4F0974494DEF33E0404F8189D84F24','149','10',1)
/
INSERT INTO KRIM_PERM_T (ACTV_IND,NMSPC_CD,OBJ_ID,PERM_ID,PERM_TMPL_ID,VER_NBR)
  VALUES ('Y','KR-SYS','5B4F0974494EEF33E0404F8189D84F24','150','35',1)
/
INSERT INTO KRIM_PERM_T (ACTV_IND,NMSPC_CD,OBJ_ID,PERM_ID,PERM_TMPL_ID,VER_NBR)
  VALUES ('Y','KR-SYS','5B4F0974494FEF33E0404F8189D84F24','151','36',1)
/
INSERT INTO KRIM_PERM_T (ACTV_IND,NMSPC_CD,OBJ_ID,PERM_ID,PERM_TMPL_ID,VER_NBR)
  VALUES ('Y','KR-SYS','5B4F09744950EF33E0404F8189D84F24','152','37',1)
/
INSERT INTO KRIM_PERM_T (ACTV_IND,NMSPC_CD,OBJ_ID,PERM_ID,PERM_TMPL_ID,VER_NBR)
  VALUES ('Y','KR-SYS','5B4F09744951EF33E0404F8189D84F24','153','39',1)
/
INSERT INTO KRIM_PERM_T (ACTV_IND,NMSPC_CD,OBJ_ID,PERM_ID,PERM_TMPL_ID,VER_NBR)
  VALUES ('Y','KR-SYS','5B4F09744952EF33E0404F8189D84F24','154','39',1)
/
INSERT INTO KRIM_PERM_T (ACTV_IND,NMSPC_CD,OBJ_ID,PERM_ID,PERM_TMPL_ID,VER_NBR)
  VALUES ('Y','KR-SYS','5B4F09744953EF33E0404F8189D84F24','155','38',1)
/
INSERT INTO KRIM_PERM_T (ACTV_IND,NMSPC_CD,OBJ_ID,PERM_ID,PERM_TMPL_ID,VER_NBR)
  VALUES ('Y','KR-SYS','5B4F09744954EF33E0404F8189D84F24','156','2',1)
/
INSERT INTO KRIM_PERM_T (ACTV_IND,NMSPC_CD,OBJ_ID,PERM_ID,PERM_TMPL_ID,VER_NBR)
  VALUES ('Y','KR-SYS','5B4F09744955EF33E0404F8189D84F24','157','19',1)
/
INSERT INTO KRIM_PERM_T (ACTV_IND,NMSPC_CD,OBJ_ID,PERM_ID,PERM_TMPL_ID,VER_NBR)
  VALUES ('Y','KR-SYS','5B4F09744956EF33E0404F8189D84F24','158','20',1)
/
INSERT INTO KRIM_PERM_T (ACTV_IND,NMSPC_CD,OBJ_ID,PERM_ID,PERM_TMPL_ID,VER_NBR)
  VALUES ('Y','KR-SYS','5B4F09744957EF33E0404F8189D84F24','159','21',1)
/
INSERT INTO KRIM_PERM_T (ACTV_IND,NMSPC_CD,OBJ_ID,PERM_ID,PERM_TMPL_ID,VER_NBR)
  VALUES ('Y','KR-SYS','5B4F09744958EF33E0404F8189D84F24','160','22',1)
/
INSERT INTO KRIM_PERM_T (ACTV_IND,NMSPC_CD,OBJ_ID,PERM_ID,PERM_TMPL_ID,VER_NBR)
  VALUES ('Y','KR-SYS','5B4F09744959EF33E0404F8189D84F24','161','24',1)
/
INSERT INTO KRIM_PERM_T (ACTV_IND,NMSPC_CD,OBJ_ID,PERM_ID,PERM_TMPL_ID,VER_NBR)
  VALUES ('Y','KR-SYS','5B4F0974495AEF33E0404F8189D84F24','162','23',1)
/
INSERT INTO KRIM_PERM_T (ACTV_IND,NMSPC_CD,OBJ_ID,PERM_ID,PERM_TMPL_ID,VER_NBR)
  VALUES ('Y','KR-SYS','5B4F0974495BEF33E0404F8189D84F24','163','34',1)
/
INSERT INTO KRIM_PERM_T (ACTV_IND,NMSPC_CD,OBJ_ID,PERM_ID,PERM_TMPL_ID,VER_NBR)
  VALUES ('Y','KR-SYS','5B4F0974495CEF33E0404F8189D84F24','164','32',1)
/
INSERT INTO KRIM_PERM_T (ACTV_IND,NMSPC_CD,OBJ_ID,PERM_ID,PERM_TMPL_ID,VER_NBR)
  VALUES ('Y','KR-SYS','5B4F0974495DEF33E0404F8189D84F24','165','40',1)
/
INSERT INTO KRIM_PERM_T (ACTV_IND,NMSPC_CD,OBJ_ID,PERM_ID,PERM_TMPL_ID,VER_NBR)
  VALUES ('Y','KR-SYS','5B4F0974495EEF33E0404F8189D84F24','166','29',1)
/
INSERT INTO KRIM_PERM_T (ACTV_IND,NMSPC_CD,OBJ_ID,PERM_ID,PERM_TMPL_ID,VER_NBR)
  VALUES ('Y','KUALI','5B4F0974495FEF33E0404F8189D84F24','167','14',1)
/
INSERT INTO KRIM_PERM_T (ACTV_IND,NMSPC_CD,OBJ_ID,PERM_ID,PERM_TMPL_ID,VER_NBR)
  VALUES ('Y','KUALI','5B4F09744960EF33E0404F8189D84F24','168','5',1)
/
INSERT INTO KRIM_PERM_T (ACTV_IND,NMSPC_CD,OBJ_ID,PERM_ID,PERM_TMPL_ID,VER_NBR)
  VALUES ('Y','KUALI','5B4F09744961EF33E0404F8189D84F24','169','15',1)
/
INSERT INTO KRIM_PERM_T (ACTV_IND,NMSPC_CD,OBJ_ID,PERM_ID,PERM_TMPL_ID,VER_NBR)
  VALUES ('Y','KUALI','5B4F09744962EF33E0404F8189D84F24','170','8',1)
/
INSERT INTO KRIM_PERM_T (ACTV_IND,NMSPC_CD,OBJ_ID,PERM_ID,PERM_TMPL_ID,VER_NBR)
  VALUES ('Y','KUALI','5B4F09744963EF33E0404F8189D84F24','171','8',1)
/
INSERT INTO KRIM_PERM_T (ACTV_IND,NMSPC_CD,OBJ_ID,PERM_ID,PERM_TMPL_ID,VER_NBR)
  VALUES ('Y','KUALI','5B4F09744964EF33E0404F8189D84F24','172','8',1)
/
INSERT INTO KRIM_PERM_T (ACTV_IND,NMSPC_CD,OBJ_ID,PERM_ID,PERM_TMPL_ID,VER_NBR)
  VALUES ('Y','KUALI','5B4F09744965EF33E0404F8189D84F24','173','8',1)
/
INSERT INTO KRIM_PERM_T (ACTV_IND,NM,NMSPC_CD,OBJ_ID,PERM_ID,PERM_TMPL_ID,VER_NBR)
  VALUES ('Y','Log In','KUALI','5B4F09744966EF33E0404F8189D84F24','174','1',1)
/
INSERT INTO KRIM_PERM_T (ACTV_IND,NMSPC_CD,OBJ_ID,PERM_ID,PERM_TMPL_ID,VER_NBR)
  VALUES ('Y','KUALI','5B4F09744967EF33E0404F8189D84F24','175','17',1)
/
INSERT INTO KRIM_PERM_T (ACTV_IND,NMSPC_CD,OBJ_ID,PERM_ID,PERM_TMPL_ID,VER_NBR)
  VALUES ('Y','KUALI','5B4F09744968EF33E0404F8189D84F24','176','18',1)
/
INSERT INTO KRIM_PERM_T (ACTV_IND,NMSPC_CD,OBJ_ID,PERM_ID,PERM_TMPL_ID,VER_NBR)
  VALUES ('Y','KUALI','5B4F09744969EF33E0404F8189D84F24','177','19',1)
/
INSERT INTO KRIM_PERM_T (ACTV_IND,NMSPC_CD,OBJ_ID,PERM_ID,PERM_TMPL_ID,VER_NBR)
  VALUES ('Y','KUALI','5B4F0974496AEF33E0404F8189D84F24','178','20',1)
/
INSERT INTO KRIM_PERM_T (ACTV_IND,NMSPC_CD,OBJ_ID,PERM_ID,PERM_TMPL_ID,VER_NBR)
  VALUES ('Y','KUALI','5B4F0974496BEF33E0404F8189D84F24','179','21',1)
/
INSERT INTO KRIM_PERM_T (ACTV_IND,NMSPC_CD,OBJ_ID,PERM_ID,PERM_TMPL_ID,VER_NBR)
  VALUES ('Y','KUALI','5B4F0974496CEF33E0404F8189D84F24','180','16',1)
/
INSERT INTO KRIM_PERM_T (ACTV_IND,NMSPC_CD,OBJ_ID,PERM_ID,PERM_TMPL_ID,VER_NBR)
  VALUES ('Y','KUALI','5B4F0974496DEF33E0404F8189D84F24','181','16',1)
/
INSERT INTO KRIM_PERM_T (ACTV_IND,NMSPC_CD,OBJ_ID,PERM_ID,PERM_TMPL_ID,VER_NBR)
  VALUES ('Y','KUALI','5B4F0974496EEF33E0404F8189D84F24','182','22',1)
/
INSERT INTO KRIM_PERM_T (ACTV_IND,NMSPC_CD,OBJ_ID,PERM_ID,PERM_TMPL_ID,VER_NBR)
  VALUES ('Y','KR-SYS','5B4F0974496FEF33E0404F8189D84F24','183','27',1)
/


INSERT INTO KRIM_PERM_ATTR_DATA_T(ATTR_DATA_ID, OBJ_ID, VER_NBR, TARGET_PRIMARY_KEY, KIM_TYP_ID, KIM_ATTR_DEFN_ID, ATTR_VAL)
  VALUES('180', '5B4F09744A24EF33E0404F8189D84F24', 1, '140', '12', '4', 'KR-KEW')
/
INSERT INTO KRIM_PERM_ATTR_DATA_T(ATTR_DATA_ID, OBJ_ID, VER_NBR, TARGET_PRIMARY_KEY, KIM_TYP_ID, KIM_ATTR_DEFN_ID, ATTR_VAL)
  VALUES('181', '5B4F09744A25EF33E0404F8189D84F24', 1, '140', '12', '2', 'org.kuali.rice.kew.documentoperation.web.DocumentOperationAction')
/
INSERT INTO KRIM_PERM_ATTR_DATA_T(ATTR_DATA_ID, OBJ_ID, VER_NBR, TARGET_PRIMARY_KEY, KIM_TYP_ID, KIM_ATTR_DEFN_ID, ATTR_VAL)
  VALUES('182', '5B4F09744A26EF33E0404F8189D84F24', 1, '141', '12', '4', 'KR-KSB')
/
INSERT INTO KRIM_PERM_ATTR_DATA_T(ATTR_DATA_ID, OBJ_ID, VER_NBR, TARGET_PRIMARY_KEY, KIM_TYP_ID, KIM_ATTR_DEFN_ID, ATTR_VAL)
  VALUES('183', '5B4F09744A27EF33E0404F8189D84F24', 1, '141', '12', '2', 'org.kuali.rice.ksb.security.admin.web.JavaSecurityManagementAction')
/
INSERT INTO KRIM_PERM_ATTR_DATA_T(ATTR_DATA_ID, OBJ_ID, VER_NBR, TARGET_PRIMARY_KEY, KIM_TYP_ID, KIM_ATTR_DEFN_ID, ATTR_VAL)
  VALUES('184', '5B4F09744A28EF33E0404F8189D84F24', 1, '142', '12', '4', 'KR-KSB')
/
INSERT INTO KRIM_PERM_ATTR_DATA_T(ATTR_DATA_ID, OBJ_ID, VER_NBR, TARGET_PRIMARY_KEY, KIM_TYP_ID, KIM_ATTR_DEFN_ID, ATTR_VAL)
  VALUES('185', '5B4F09744A29EF33E0404F8189D84F24', 1, '142', '12', '2', 'org.kuali.rice.ksb.messaging.web.MessageQueueAction')
/
INSERT INTO KRIM_PERM_ATTR_DATA_T(ATTR_DATA_ID, OBJ_ID, VER_NBR, TARGET_PRIMARY_KEY, KIM_TYP_ID, KIM_ATTR_DEFN_ID, ATTR_VAL)
  VALUES('186', '5B4F09744A2AEF33E0404F8189D84F24', 1, '143', '12', '4', 'KR-KSB')
/
INSERT INTO KRIM_PERM_ATTR_DATA_T(ATTR_DATA_ID, OBJ_ID, VER_NBR, TARGET_PRIMARY_KEY, KIM_TYP_ID, KIM_ATTR_DEFN_ID, ATTR_VAL)
  VALUES('187', '5B4F09744A2BEF33E0404F8189D84F24', 1, '143', '12', '2', 'org.kuali.rice.ksb.messaging.web.ServiceRegistryAction')
/
INSERT INTO KRIM_PERM_ATTR_DATA_T(ATTR_DATA_ID, OBJ_ID, VER_NBR, TARGET_PRIMARY_KEY, KIM_TYP_ID, KIM_ATTR_DEFN_ID, ATTR_VAL)
  VALUES('188', '5B4F09744A2CEF33E0404F8189D84F24', 1, '144', '12', '4', 'KR-KSB')
/
INSERT INTO KRIM_PERM_ATTR_DATA_T(ATTR_DATA_ID, OBJ_ID, VER_NBR, TARGET_PRIMARY_KEY, KIM_TYP_ID, KIM_ATTR_DEFN_ID, ATTR_VAL)
  VALUES('189', '5B4F09744A2DEF33E0404F8189D84F24', 1, '144', '12', '2', 'org.kuali.rice.ksb.messaging.web.ThreadPoolAction')
/
INSERT INTO KRIM_PERM_ATTR_DATA_T(ATTR_DATA_ID, OBJ_ID, VER_NBR, TARGET_PRIMARY_KEY, KIM_TYP_ID, KIM_ATTR_DEFN_ID, ATTR_VAL)
  VALUES('190', '5B4F09744A2EEF33E0404F8189D84F24', 1, '145', '12', '4', 'KR-KSB')
/
INSERT INTO KRIM_PERM_ATTR_DATA_T(ATTR_DATA_ID, OBJ_ID, VER_NBR, TARGET_PRIMARY_KEY, KIM_TYP_ID, KIM_ATTR_DEFN_ID, ATTR_VAL)
  VALUES('191', '5B4F09744A2FEF33E0404F8189D84F24', 1, '145', '12', '2', 'org.kuali.rice.ksb.messaging.web.QuartzQueueAction')
/
INSERT INTO KRIM_PERM_ATTR_DATA_T(ATTR_DATA_ID, OBJ_ID, VER_NBR, TARGET_PRIMARY_KEY, KIM_TYP_ID, KIM_ATTR_DEFN_ID, ATTR_VAL)
  VALUES('192', '5B4F09744A30EF33E0404F8189D84F24', 1, '146', '5', '13', 'RiceDocument')
/
INSERT INTO KRIM_PERM_ATTR_DATA_T(ATTR_DATA_ID, OBJ_ID, VER_NBR, TARGET_PRIMARY_KEY, KIM_TYP_ID, KIM_ATTR_DEFN_ID, ATTR_VAL)
  VALUES('193', '5B4F09744A31EF33E0404F8189D84F24', 1, '147', '3', '13', 'RiceDocument')
/
INSERT INTO KRIM_PERM_ATTR_DATA_T(ATTR_DATA_ID, OBJ_ID, VER_NBR, TARGET_PRIMARY_KEY, KIM_TYP_ID, KIM_ATTR_DEFN_ID, ATTR_VAL)
  VALUES('194', '5B4F09744A32EF33E0404F8189D84F24', 1, '148', '3', '13', 'RiceDocument')
/
INSERT INTO KRIM_PERM_ATTR_DATA_T(ATTR_DATA_ID, OBJ_ID, VER_NBR, TARGET_PRIMARY_KEY, KIM_TYP_ID, KIM_ATTR_DEFN_ID, ATTR_VAL)
  VALUES('195', '5B4F09744A33EF33E0404F8189D84F24', 1, '149', '3', '13', 'RiceDocument')
/
INSERT INTO KRIM_PERM_ATTR_DATA_T(ATTR_DATA_ID, OBJ_ID, VER_NBR, TARGET_PRIMARY_KEY, KIM_TYP_ID, KIM_ATTR_DEFN_ID, ATTR_VAL)
  VALUES('196', '5B4F09744A34EF33E0404F8189D84F24', 1, '150', '18', '4', 'KR*')
/
INSERT INTO KRIM_PERM_ATTR_DATA_T(ATTR_DATA_ID, OBJ_ID, VER_NBR, TARGET_PRIMARY_KEY, KIM_TYP_ID, KIM_ATTR_DEFN_ID, ATTR_VAL)
  VALUES('197', '5B4F09744A35EF33E0404F8189D84F24', 1, '151', '19', '4', 'KR*')
/
INSERT INTO KRIM_PERM_ATTR_DATA_T(ATTR_DATA_ID, OBJ_ID, VER_NBR, TARGET_PRIMARY_KEY, KIM_TYP_ID, KIM_ATTR_DEFN_ID, ATTR_VAL)
  VALUES('198', '5B4F09744A36EF33E0404F8189D84F24', 1, '152', '20', '4', 'KR*')
/
INSERT INTO KRIM_PERM_ATTR_DATA_T(ATTR_DATA_ID, OBJ_ID, VER_NBR, TARGET_PRIMARY_KEY, KIM_TYP_ID, KIM_ATTR_DEFN_ID, ATTR_VAL)
  VALUES('199', '5B4F09744A37EF33E0404F8189D84F24', 1, '153', '22', '17', 'Person')
/
INSERT INTO KRIM_PERM_ATTR_DATA_T(ATTR_DATA_ID, OBJ_ID, VER_NBR, TARGET_PRIMARY_KEY, KIM_TYP_ID, KIM_ATTR_DEFN_ID, ATTR_VAL)
  VALUES('200', '5B4F09744A38EF33E0404F8189D84F24', 1, '154', '22', '17', 'System')
/
INSERT INTO KRIM_PERM_ATTR_DATA_T(ATTR_DATA_ID, OBJ_ID, VER_NBR, TARGET_PRIMARY_KEY, KIM_TYP_ID, KIM_ATTR_DEFN_ID, ATTR_VAL)
  VALUES('201', '5B4F09744A39EF33E0404F8189D84F24', 1, '155', '21', '4', 'KR*')
/
INSERT INTO KRIM_PERM_ATTR_DATA_T(ATTR_DATA_ID, OBJ_ID, VER_NBR, TARGET_PRIMARY_KEY, KIM_TYP_ID, KIM_ATTR_DEFN_ID, ATTR_VAL)
  VALUES('202', '5B4F09744A3AEF33E0404F8189D84F24', 1, '156', '3', '13', 'RiceDocument')
/
INSERT INTO KRIM_PERM_ATTR_DATA_T(ATTR_DATA_ID, OBJ_ID, VER_NBR, TARGET_PRIMARY_KEY, KIM_TYP_ID, KIM_ATTR_DEFN_ID, ATTR_VAL)
  VALUES('203', '5B4F09744A3BEF33E0404F8189D84F24', 1, '157', '9', '13', 'RiceDocument')
/
INSERT INTO KRIM_PERM_ATTR_DATA_T(ATTR_DATA_ID, OBJ_ID, VER_NBR, TARGET_PRIMARY_KEY, KIM_TYP_ID, KIM_ATTR_DEFN_ID, ATTR_VAL)
  VALUES('204', '5B4F09744A3CEF33E0404F8189D84F24', 1, '157', '9', '8', 'false')
/
INSERT INTO KRIM_PERM_ATTR_DATA_T(ATTR_DATA_ID, OBJ_ID, VER_NBR, TARGET_PRIMARY_KEY, KIM_TYP_ID, KIM_ATTR_DEFN_ID, ATTR_VAL)
  VALUES('205', '5B4F09744A3DEF33E0404F8189D84F24', 1, '158', '9', '13', 'RiceDocument')
/
INSERT INTO KRIM_PERM_ATTR_DATA_T(ATTR_DATA_ID, OBJ_ID, VER_NBR, TARGET_PRIMARY_KEY, KIM_TYP_ID, KIM_ATTR_DEFN_ID, ATTR_VAL)
  VALUES('206', '5B4F09744A3EEF33E0404F8189D84F24', 1, '158', '9', '8', 'false')
/
INSERT INTO KRIM_PERM_ATTR_DATA_T(ATTR_DATA_ID, OBJ_ID, VER_NBR, TARGET_PRIMARY_KEY, KIM_TYP_ID, KIM_ATTR_DEFN_ID, ATTR_VAL)
  VALUES('207', '5B4F09744A3FEF33E0404F8189D84F24', 1, '159', '9', '13', 'RiceDocument')
/
INSERT INTO KRIM_PERM_ATTR_DATA_T(ATTR_DATA_ID, OBJ_ID, VER_NBR, TARGET_PRIMARY_KEY, KIM_TYP_ID, KIM_ATTR_DEFN_ID, ATTR_VAL)
  VALUES('208', '5B4F09744A40EF33E0404F8189D84F24', 1, '159', '9', '8', 'false')
/
INSERT INTO KRIM_PERM_ATTR_DATA_T(ATTR_DATA_ID, OBJ_ID, VER_NBR, TARGET_PRIMARY_KEY, KIM_TYP_ID, KIM_ATTR_DEFN_ID, ATTR_VAL)
  VALUES('209', '5B4F09744A41EF33E0404F8189D84F24', 1, '160', '9', '13', 'RiceDocument')
/
INSERT INTO KRIM_PERM_ATTR_DATA_T(ATTR_DATA_ID, OBJ_ID, VER_NBR, TARGET_PRIMARY_KEY, KIM_TYP_ID, KIM_ATTR_DEFN_ID, ATTR_VAL)
  VALUES('210', '5B4F09744A42EF33E0404F8189D84F24', 1, '160', '9', '8', 'false')
/
INSERT INTO KRIM_PERM_ATTR_DATA_T(ATTR_DATA_ID, OBJ_ID, VER_NBR, TARGET_PRIMARY_KEY, KIM_TYP_ID, KIM_ATTR_DEFN_ID, ATTR_VAL)
  VALUES('211', '5B4F09744A43EF33E0404F8189D84F24', 1, '161', '10', '4', 'KR-SYS')
/
INSERT INTO KRIM_PERM_ATTR_DATA_T(ATTR_DATA_ID, OBJ_ID, VER_NBR, TARGET_PRIMARY_KEY, KIM_TYP_ID, KIM_ATTR_DEFN_ID, ATTR_VAL)
  VALUES('212', '5B4F09744A44EF33E0404F8189D84F24', 1, '161', '10', '5', 'KR*')
/
INSERT INTO KRIM_PERM_ATTR_DATA_T(ATTR_DATA_ID, OBJ_ID, VER_NBR, TARGET_PRIMARY_KEY, KIM_TYP_ID, KIM_ATTR_DEFN_ID, ATTR_VAL)
  VALUES('213', '5B4F09744A45EF33E0404F8189D84F24', 1, '162', '10', '4', 'KR-SYS')
/
INSERT INTO KRIM_PERM_ATTR_DATA_T(ATTR_DATA_ID, OBJ_ID, VER_NBR, TARGET_PRIMARY_KEY, KIM_TYP_ID, KIM_ATTR_DEFN_ID, ATTR_VAL)
  VALUES('214', '5B4F09744A46EF33E0404F8189D84F24', 1, '162', '10', '5', 'KR*')
/
INSERT INTO KRIM_PERM_ATTR_DATA_T(ATTR_DATA_ID, OBJ_ID, VER_NBR, TARGET_PRIMARY_KEY, KIM_TYP_ID, KIM_ATTR_DEFN_ID, ATTR_VAL)
  VALUES('215', '5B4F09744A47EF33E0404F8189D84F24', 1, '163', '16', '4', 'KR-SYS')
/
INSERT INTO KRIM_PERM_ATTR_DATA_T(ATTR_DATA_ID, OBJ_ID, VER_NBR, TARGET_PRIMARY_KEY, KIM_TYP_ID, KIM_ATTR_DEFN_ID, ATTR_VAL)
  VALUES('216', '5B4F09744A48EF33E0404F8189D84F24', 1, '163', '16', '5', 'KR*')
/
INSERT INTO KRIM_PERM_ATTR_DATA_T(ATTR_DATA_ID, OBJ_ID, VER_NBR, TARGET_PRIMARY_KEY, KIM_TYP_ID, KIM_ATTR_DEFN_ID, ATTR_VAL)
  VALUES('217', '5B4F09744A49EF33E0404F8189D84F24', 1, '164', '15', '4', 'KR*')
/
INSERT INTO KRIM_PERM_ATTR_DATA_T(ATTR_DATA_ID, OBJ_ID, VER_NBR, TARGET_PRIMARY_KEY, KIM_TYP_ID, KIM_ATTR_DEFN_ID, ATTR_VAL)
  VALUES('218', '5B4F09744A4AEF33E0404F8189D84F24', 1, '165', '3', '13', 'RiceDocument')
/
INSERT INTO KRIM_PERM_ATTR_DATA_T(ATTR_DATA_ID, OBJ_ID, VER_NBR, TARGET_PRIMARY_KEY, KIM_TYP_ID, KIM_ATTR_DEFN_ID, ATTR_VAL)
  VALUES('219', '5B4F09744A4BEF33E0404F8189D84F24', 1, '166', '12', '4', 'KR*')
/
INSERT INTO KRIM_PERM_ATTR_DATA_T(ATTR_DATA_ID, OBJ_ID, VER_NBR, TARGET_PRIMARY_KEY, KIM_TYP_ID, KIM_ATTR_DEFN_ID, ATTR_VAL)
  VALUES('220', '5B4F09744A4CEF33E0404F8189D84F24', 1, '167', '8', '13', 'KualiDocument')
/
INSERT INTO KRIM_PERM_ATTR_DATA_T(ATTR_DATA_ID, OBJ_ID, VER_NBR, TARGET_PRIMARY_KEY, KIM_TYP_ID, KIM_ATTR_DEFN_ID, ATTR_VAL)
  VALUES('221', '5B4F09744A4DEF33E0404F8189D84F24', 1, '168', '3', '13', 'KualiDocument')
/
INSERT INTO KRIM_PERM_ATTR_DATA_T(ATTR_DATA_ID, OBJ_ID, VER_NBR, TARGET_PRIMARY_KEY, KIM_TYP_ID, KIM_ATTR_DEFN_ID, ATTR_VAL)
  VALUES('222', '5B4F09744A4EEF33E0404F8189D84F24', 1, '169', '8', '13', 'KualiDocument')
/
INSERT INTO KRIM_PERM_ATTR_DATA_T(ATTR_DATA_ID, OBJ_ID, VER_NBR, TARGET_PRIMARY_KEY, KIM_TYP_ID, KIM_ATTR_DEFN_ID, ATTR_VAL)
  VALUES('223', '5B4F09744A4FEF33E0404F8189D84F24', 1, '170', '4', '14', 'A')
/
INSERT INTO KRIM_PERM_ATTR_DATA_T(ATTR_DATA_ID, OBJ_ID, VER_NBR, TARGET_PRIMARY_KEY, KIM_TYP_ID, KIM_ATTR_DEFN_ID, ATTR_VAL)
  VALUES('224', '5B4F09744A50EF33E0404F8189D84F24', 1, '171', '4', '14', 'C')
/
INSERT INTO KRIM_PERM_ATTR_DATA_T(ATTR_DATA_ID, OBJ_ID, VER_NBR, TARGET_PRIMARY_KEY, KIM_TYP_ID, KIM_ATTR_DEFN_ID, ATTR_VAL)
  VALUES('225', '5B4F09744A51EF33E0404F8189D84F24', 1, '172', '4', '14', 'F')
/
INSERT INTO KRIM_PERM_ATTR_DATA_T(ATTR_DATA_ID, OBJ_ID, VER_NBR, TARGET_PRIMARY_KEY, KIM_TYP_ID, KIM_ATTR_DEFN_ID, ATTR_VAL)
  VALUES('226', '5B4F09744A52EF33E0404F8189D84F24', 1, '173', '4', '14', 'K')
/
INSERT INTO KRIM_PERM_ATTR_DATA_T(ATTR_DATA_ID, OBJ_ID, VER_NBR, TARGET_PRIMARY_KEY, KIM_TYP_ID, KIM_ATTR_DEFN_ID, ATTR_VAL)
  VALUES('231', '5B4F09744A57EF33E0404F8189D84F24', 1, '177', '9', '13', 'KualiDocument')
/
INSERT INTO KRIM_PERM_ATTR_DATA_T(ATTR_DATA_ID, OBJ_ID, VER_NBR, TARGET_PRIMARY_KEY, KIM_TYP_ID, KIM_ATTR_DEFN_ID, ATTR_VAL)
  VALUES('232', '5B4F09744A58EF33E0404F8189D84F24', 1, '177', '9', '8', 'true')
/
INSERT INTO KRIM_PERM_ATTR_DATA_T(ATTR_DATA_ID, OBJ_ID, VER_NBR, TARGET_PRIMARY_KEY, KIM_TYP_ID, KIM_ATTR_DEFN_ID, ATTR_VAL)
  VALUES('233', '5B4F09744A59EF33E0404F8189D84F24', 1, '178', '9', '13', 'KualiDocument')
/
INSERT INTO KRIM_PERM_ATTR_DATA_T(ATTR_DATA_ID, OBJ_ID, VER_NBR, TARGET_PRIMARY_KEY, KIM_TYP_ID, KIM_ATTR_DEFN_ID, ATTR_VAL)
  VALUES('234', '5B4F09744A5AEF33E0404F8189D84F24', 1, '178', '9', '8', 'true')
/
INSERT INTO KRIM_PERM_ATTR_DATA_T(ATTR_DATA_ID, OBJ_ID, VER_NBR, TARGET_PRIMARY_KEY, KIM_TYP_ID, KIM_ATTR_DEFN_ID, ATTR_VAL)
  VALUES('235', '5B4F09744A5BEF33E0404F8189D84F24', 1, '179', '9', '13', 'KualiDocument')
/
INSERT INTO KRIM_PERM_ATTR_DATA_T(ATTR_DATA_ID, OBJ_ID, VER_NBR, TARGET_PRIMARY_KEY, KIM_TYP_ID, KIM_ATTR_DEFN_ID, ATTR_VAL)
  VALUES('236', '5B4F09744A5CEF33E0404F8189D84F24', 1, '179', '9', '8', 'true')
/
INSERT INTO KRIM_PERM_ATTR_DATA_T(ATTR_DATA_ID, OBJ_ID, VER_NBR, TARGET_PRIMARY_KEY, KIM_TYP_ID, KIM_ATTR_DEFN_ID, ATTR_VAL)
  VALUES('237', '5B4F09744A5DEF33E0404F8189D84F24', 1, '180', '8', '13', 'KualiDocument')
/
INSERT INTO KRIM_PERM_ATTR_DATA_T(ATTR_DATA_ID, OBJ_ID, VER_NBR, TARGET_PRIMARY_KEY, KIM_TYP_ID, KIM_ATTR_DEFN_ID, ATTR_VAL)
  VALUES('238', '5B4F09744A5EEF33E0404F8189D84F24', 1, '180', '8', '16', 'PreRoute')
/
INSERT INTO KRIM_PERM_ATTR_DATA_T(ATTR_DATA_ID, OBJ_ID, VER_NBR, TARGET_PRIMARY_KEY, KIM_TYP_ID, KIM_ATTR_DEFN_ID, ATTR_VAL)
  VALUES('239', '5B4F09744A5FEF33E0404F8189D84F24', 1, '181', '8', '13', 'KualiDocument')
/
INSERT INTO KRIM_PERM_ATTR_DATA_T(ATTR_DATA_ID, OBJ_ID, VER_NBR, TARGET_PRIMARY_KEY, KIM_TYP_ID, KIM_ATTR_DEFN_ID, ATTR_VAL)
  VALUES('240', '5B4F09744A60EF33E0404F8189D84F24', 1, '181', '8', '15', 'R')
/
INSERT INTO KRIM_PERM_ATTR_DATA_T(ATTR_DATA_ID, OBJ_ID, VER_NBR, TARGET_PRIMARY_KEY, KIM_TYP_ID, KIM_ATTR_DEFN_ID, ATTR_VAL)
  VALUES('241', '5B4F09744A61EF33E0404F8189D84F24', 1, '182', '9', '13', 'KualiDocument')
/
INSERT INTO KRIM_PERM_ATTR_DATA_T(ATTR_DATA_ID, OBJ_ID, VER_NBR, TARGET_PRIMARY_KEY, KIM_TYP_ID, KIM_ATTR_DEFN_ID, ATTR_VAL)
  VALUES('242', '5B4F09744A62EF33E0404F8189D84F24', 1, '182', '9', '8', 'true')
/
INSERT INTO KRIM_PERM_ATTR_DATA_T(ATTR_DATA_ID, OBJ_ID, VER_NBR, TARGET_PRIMARY_KEY, KIM_TYP_ID, KIM_ATTR_DEFN_ID, ATTR_VAL)
  VALUES('243', '5B4F09744A63EF33E0404F8189D84F24', 1, '183', '11', '5', 'KimPrincipalImpl')
/
INSERT INTO KRIM_PERM_ATTR_DATA_T(ATTR_DATA_ID, OBJ_ID, VER_NBR, TARGET_PRIMARY_KEY, KIM_TYP_ID, KIM_ATTR_DEFN_ID, ATTR_VAL)
  VALUES('244', '5B4F09744A64EF33E0404F8189D84F24', 1, '183', '11', '6', 'password')
/
INSERT INTO KRIM_PERM_ATTR_DATA_T(ATTR_DATA_ID, OBJ_ID, VER_NBR, TARGET_PRIMARY_KEY, KIM_TYP_ID, KIM_ATTR_DEFN_ID, ATTR_VAL)
  VALUES('249', '5B6013B3AD121A9CE0404F8189D87094', 1, '167', '8', '16', 'PreRoute')
/
INSERT INTO KRIM_PERM_ATTR_DATA_T(ATTR_DATA_ID, OBJ_ID, VER_NBR, TARGET_PRIMARY_KEY, KIM_TYP_ID, KIM_ATTR_DEFN_ID, ATTR_VAL)
  VALUES('227', '5B4B8F98E2530E80E0404F8189D82541', 1, '175', '9', '13', 'KualiDocument')
/
INSERT INTO KRIM_PERM_ATTR_DATA_T(ATTR_DATA_ID, OBJ_ID, VER_NBR, TARGET_PRIMARY_KEY, KIM_TYP_ID, KIM_ATTR_DEFN_ID, ATTR_VAL)
  VALUES('229', '5B4B8F98E2550E80E0404F8189D82541', 1, '176', '9', '13', 'KualiDocument')
/


INSERT INTO KRIM_ROLE_T (ACTV_IND,KIM_TYP_ID,LAST_UPDT_DT,NMSPC_CD,OBJ_ID,ROLE_ID,ROLE_NM,VER_NBR)
  VALUES ('Y','2',TO_DATE( '20081104143710', 'YYYYMMDDHH24MISS' ),'KUALI','5ADF18B6D4847954E0404F8189D85002','1','User',1)
/
INSERT INTO KRIM_ROLE_T (ACTV_IND,KIM_TYP_ID,LAST_UPDT_DT,NMSPC_CD,OBJ_ID,ROLE_ID,ROLE_NM,VER_NBR)
  VALUES ('Y','42',TO_DATE( '20081114141017', 'YYYYMMDDHH24MISS' ),'KR-WKFLW','5BABFACC4F62A8EEE0404F8189D8770F','59','Action Request Recipient',1)
/
INSERT INTO KRIM_ROLE_T (ACTV_IND,KIM_TYP_ID,LAST_UPDT_DT,NMSPC_CD,OBJ_ID,ROLE_ID,ROLE_NM,VER_NBR)
  VALUES ('Y','43',TO_DATE( '20081114141017', 'YYYYMMDDHH24MISS' ),'KR-WKFLW','5BABFACC4F63A8EEE0404F8189D8770F','60','Initiator',1)
/
INSERT INTO KRIM_ROLE_T (ACTV_IND,KIM_TYP_ID,LAST_UPDT_DT,NMSPC_CD,OBJ_ID,ROLE_ID,ROLE_NM,VER_NBR)
  VALUES ('Y','43',TO_DATE( '20081114141017', 'YYYYMMDDHH24MISS' ),'KR-WKFLW','5BABFACC4F64A8EEE0404F8189D8770F','61','Initiator or Reviewer',1)
/
INSERT INTO KRIM_ROLE_T (ACTV_IND,KIM_TYP_ID,LAST_UPDT_DT,NMSPC_CD,OBJ_ID,ROLE_ID,ROLE_NM,VER_NBR)
  VALUES ('Y','44',TO_DATE( '20081109184923', 'YYYYMMDDHH24MISS' ),'KR-SYS','5B4B421E43827717E0404F8189D821F7','62','System User',1)
/
INSERT INTO KRIM_ROLE_T (ACTV_IND,KIM_TYP_ID,LAST_UPDT_DT,NMSPC_CD,OBJ_ID,ROLE_ID,ROLE_NM,VER_NBR)
  VALUES ('Y','1',TO_DATE( '20081108115522', 'YYYYMMDDHH24MISS' ),'KR-SYS','5B31640F0105ADF1E0404F8189D84647','63','Technical Administrator',1)
/
INSERT INTO KRIM_ROLE_T (ACTV_IND,KIM_TYP_ID,LAST_UPDT_DT,NMSPC_CD,OBJ_ID,ROLE_ID,ROLE_NM,VER_NBR)
  VALUES ('Y','45',TO_DATE( '20081114141017', 'YYYYMMDDHH24MISS' ),'KR-NS','5BABFACC4F61A8EEE0404F8189D8770F','66','Document Editor',1)
/
INSERT INTO KRIM_ROLE_T (ACTV_IND,KIM_TYP_ID,LAST_UPDT_DT,NMSPC_CD,OBJ_ID,ROLE_ID,ROLE_NM,VER_NBR)
  VALUES ('Y','43',TO_DATE( '20081114141017', 'YYYYMMDDHH24MISS' ),'KR-WKFLW','5BABFACC4F65A8EEE0404F8189D8770F','67','Router',1)
/


INSERT INTO KRIM_ROLE_PERM_T(ROLE_PERM_ID, OBJ_ID, VER_NBR, ROLE_ID, PERM_ID, ACTV_IND)
  VALUES('183', '5C27A267EF5C7417E0404F8189D830A9', 1, '63', '140', 'Y')
/
INSERT INTO KRIM_ROLE_PERM_T(ROLE_PERM_ID, OBJ_ID, VER_NBR, ROLE_ID, PERM_ID, ACTV_IND)
  VALUES('184', '5C27A267EF5D7417E0404F8189D830A9', 1, '63', '141', 'Y')
/
INSERT INTO KRIM_ROLE_PERM_T(ROLE_PERM_ID, OBJ_ID, VER_NBR, ROLE_ID, PERM_ID, ACTV_IND)
  VALUES('185', '5C27A267EF5E7417E0404F8189D830A9', 1, '63', '142', 'Y')
/
INSERT INTO KRIM_ROLE_PERM_T(ROLE_PERM_ID, OBJ_ID, VER_NBR, ROLE_ID, PERM_ID, ACTV_IND)
  VALUES('186', '5C27A267EF5F7417E0404F8189D830A9', 1, '63', '143', 'Y')
/
INSERT INTO KRIM_ROLE_PERM_T(ROLE_PERM_ID, OBJ_ID, VER_NBR, ROLE_ID, PERM_ID, ACTV_IND)
  VALUES('187', '5C27A267EF607417E0404F8189D830A9', 1, '63', '144', 'Y')
/
INSERT INTO KRIM_ROLE_PERM_T(ROLE_PERM_ID, OBJ_ID, VER_NBR, ROLE_ID, PERM_ID, ACTV_IND)
  VALUES('188', '5C27A267EF617417E0404F8189D830A9', 1, '63', '145', 'Y')
/
INSERT INTO KRIM_ROLE_PERM_T(ROLE_PERM_ID, OBJ_ID, VER_NBR, ROLE_ID, PERM_ID, ACTV_IND)
  VALUES('189', '5C27A267EF627417E0404F8189D830A9', 1, '1', '146', 'Y')
/
INSERT INTO KRIM_ROLE_PERM_T(ROLE_PERM_ID, OBJ_ID, VER_NBR, ROLE_ID, PERM_ID, ACTV_IND)
  VALUES('190', '5C27A267EF637417E0404F8189D830A9', 1, '63', '147', 'Y')
/
INSERT INTO KRIM_ROLE_PERM_T(ROLE_PERM_ID, OBJ_ID, VER_NBR, ROLE_ID, PERM_ID, ACTV_IND)
  VALUES('191', '5C27A267EF647417E0404F8189D830A9', 1, '63', '148', 'Y')
/
INSERT INTO KRIM_ROLE_PERM_T(ROLE_PERM_ID, OBJ_ID, VER_NBR, ROLE_ID, PERM_ID, ACTV_IND)
  VALUES('193', '5C27A267EF667417E0404F8189D830A9', 1, '1', '149', 'Y')
/
INSERT INTO KRIM_ROLE_PERM_T(ROLE_PERM_ID, OBJ_ID, VER_NBR, ROLE_ID, PERM_ID, ACTV_IND)
  VALUES('194', '5C27A267EF677417E0404F8189D830A9', 1, '63', '150', 'Y')
/
INSERT INTO KRIM_ROLE_PERM_T(ROLE_PERM_ID, OBJ_ID, VER_NBR, ROLE_ID, PERM_ID, ACTV_IND)
  VALUES('195', '5C27A267EF687417E0404F8189D830A9', 1, '63', '151', 'Y')
/
INSERT INTO KRIM_ROLE_PERM_T(ROLE_PERM_ID, OBJ_ID, VER_NBR, ROLE_ID, PERM_ID, ACTV_IND)
  VALUES('196', '5C27A267EF697417E0404F8189D830A9', 1, '63', '152', 'Y')
/
INSERT INTO KRIM_ROLE_PERM_T(ROLE_PERM_ID, OBJ_ID, VER_NBR, ROLE_ID, PERM_ID, ACTV_IND)
  VALUES('197', '5C27A267EF6A7417E0404F8189D830A9', 1, '63', '153', 'Y')
/
INSERT INTO KRIM_ROLE_PERM_T(ROLE_PERM_ID, OBJ_ID, VER_NBR, ROLE_ID, PERM_ID, ACTV_IND)
  VALUES('199', '5C27A267EF6C7417E0404F8189D830A9', 1, '63', '154', 'Y')
/
INSERT INTO KRIM_ROLE_PERM_T(ROLE_PERM_ID, OBJ_ID, VER_NBR, ROLE_ID, PERM_ID, ACTV_IND)
  VALUES('200', '5C27A267EF6D7417E0404F8189D830A9', 1, '63', '155', 'Y')
/
INSERT INTO KRIM_ROLE_PERM_T(ROLE_PERM_ID, OBJ_ID, VER_NBR, ROLE_ID, PERM_ID, ACTV_IND)
  VALUES('201', '5C27A267EF6E7417E0404F8189D830A9', 1, '1', '156', 'Y')
/
INSERT INTO KRIM_ROLE_PERM_T(ROLE_PERM_ID, OBJ_ID, VER_NBR, ROLE_ID, PERM_ID, ACTV_IND)
  VALUES('202', '5C27A267EF6F7417E0404F8189D830A9', 1, '63', '157', 'Y')
/
INSERT INTO KRIM_ROLE_PERM_T(ROLE_PERM_ID, OBJ_ID, VER_NBR, ROLE_ID, PERM_ID, ACTV_IND)
  VALUES('203', '5C27A267EF707417E0404F8189D830A9', 1, '63', '158', 'Y')
/
INSERT INTO KRIM_ROLE_PERM_T(ROLE_PERM_ID, OBJ_ID, VER_NBR, ROLE_ID, PERM_ID, ACTV_IND)
  VALUES('204', '5C27A267EF717417E0404F8189D830A9', 1, '63', '159', 'Y')
/
INSERT INTO KRIM_ROLE_PERM_T(ROLE_PERM_ID, OBJ_ID, VER_NBR, ROLE_ID, PERM_ID, ACTV_IND)
  VALUES('205', '5C27A267EF727417E0404F8189D830A9', 1, '63', '160', 'Y')
/
INSERT INTO KRIM_ROLE_PERM_T(ROLE_PERM_ID, OBJ_ID, VER_NBR, ROLE_ID, PERM_ID, ACTV_IND)
  VALUES('206', '5C27A267EF737417E0404F8189D830A9', 1, '1', '161', 'Y')
/
INSERT INTO KRIM_ROLE_PERM_T(ROLE_PERM_ID, OBJ_ID, VER_NBR, ROLE_ID, PERM_ID, ACTV_IND)
  VALUES('207', '5C27A267EF747417E0404F8189D830A9', 1, '1', '162', 'Y')
/
INSERT INTO KRIM_ROLE_PERM_T(ROLE_PERM_ID, OBJ_ID, VER_NBR, ROLE_ID, PERM_ID, ACTV_IND)
  VALUES('208', '5C27A267EF757417E0404F8189D830A9', 1, '63', '163', 'Y')
/
INSERT INTO KRIM_ROLE_PERM_T(ROLE_PERM_ID, OBJ_ID, VER_NBR, ROLE_ID, PERM_ID, ACTV_IND)
  VALUES('210', '5C27A267EF777417E0404F8189D830A9', 1, '63', '164', 'Y')
/
INSERT INTO KRIM_ROLE_PERM_T(ROLE_PERM_ID, OBJ_ID, VER_NBR, ROLE_ID, PERM_ID, ACTV_IND)
  VALUES('211', '5C27A267EF787417E0404F8189D830A9', 1, '1', '165', 'Y')
/
INSERT INTO KRIM_ROLE_PERM_T(ROLE_PERM_ID, OBJ_ID, VER_NBR, ROLE_ID, PERM_ID, ACTV_IND)
  VALUES('212', '5C27A267EF797417E0404F8189D830A9', 1, '66', '167', 'Y')
/
INSERT INTO KRIM_ROLE_PERM_T(ROLE_PERM_ID, OBJ_ID, VER_NBR, ROLE_ID, PERM_ID, ACTV_IND)
  VALUES('213', '5C27A267EF7A7417E0404F8189D830A9', 1, '66', '168', 'Y')
/
INSERT INTO KRIM_ROLE_PERM_T(ROLE_PERM_ID, OBJ_ID, VER_NBR, ROLE_ID, PERM_ID, ACTV_IND)
  VALUES('214', '5C27A267EF7B7417E0404F8189D830A9', 1, '60', '169', 'Y')
/
INSERT INTO KRIM_ROLE_PERM_T(ROLE_PERM_ID, OBJ_ID, VER_NBR, ROLE_ID, PERM_ID, ACTV_IND)
  VALUES('215', '5C27A267EF7C7417E0404F8189D830A9', 1, '62', '169', 'Y')
/
INSERT INTO KRIM_ROLE_PERM_T(ROLE_PERM_ID, OBJ_ID, VER_NBR, ROLE_ID, PERM_ID, ACTV_IND)
  VALUES('216', '5C27A267EF7D7417E0404F8189D830A9', 1, '59', '170', 'Y')
/
INSERT INTO KRIM_ROLE_PERM_T(ROLE_PERM_ID, OBJ_ID, VER_NBR, ROLE_ID, PERM_ID, ACTV_IND)
  VALUES('217', '5C27A267EF7E7417E0404F8189D830A9', 1, '59', '171', 'Y')
/
INSERT INTO KRIM_ROLE_PERM_T(ROLE_PERM_ID, OBJ_ID, VER_NBR, ROLE_ID, PERM_ID, ACTV_IND)
  VALUES('218', '5C27A267EF7F7417E0404F8189D830A9', 1, '59', '172', 'Y')
/
INSERT INTO KRIM_ROLE_PERM_T(ROLE_PERM_ID, OBJ_ID, VER_NBR, ROLE_ID, PERM_ID, ACTV_IND)
  VALUES('219', '5C27A267EF807417E0404F8189D830A9', 1, '59', '173', 'Y')
/
INSERT INTO KRIM_ROLE_PERM_T(ROLE_PERM_ID, OBJ_ID, VER_NBR, ROLE_ID, PERM_ID, ACTV_IND)
  VALUES('220', '5C27A267EF817417E0404F8189D830A9', 1, '1', '174', 'Y')
/
INSERT INTO KRIM_ROLE_PERM_T(ROLE_PERM_ID, OBJ_ID, VER_NBR, ROLE_ID, PERM_ID, ACTV_IND)
  VALUES('221', '5C27A267EF827417E0404F8189D830A9', 1, '61', '175', 'Y')
/
INSERT INTO KRIM_ROLE_PERM_T(ROLE_PERM_ID, OBJ_ID, VER_NBR, ROLE_ID, PERM_ID, ACTV_IND)
  VALUES('222', '5C27A267EF837417E0404F8189D830A9', 1, '61', '176', 'Y')
/
INSERT INTO KRIM_ROLE_PERM_T(ROLE_PERM_ID, OBJ_ID, VER_NBR, ROLE_ID, PERM_ID, ACTV_IND)
  VALUES('223', '5C27A267EF847417E0404F8189D830A9', 1, '61', '177', 'Y')
/
INSERT INTO KRIM_ROLE_PERM_T(ROLE_PERM_ID, OBJ_ID, VER_NBR, ROLE_ID, PERM_ID, ACTV_IND)
  VALUES('224', '5C27A267EF857417E0404F8189D830A9', 1, '61', '178', 'Y')
/
INSERT INTO KRIM_ROLE_PERM_T(ROLE_PERM_ID, OBJ_ID, VER_NBR, ROLE_ID, PERM_ID, ACTV_IND)
  VALUES('225', '5C27A267EF867417E0404F8189D830A9', 1, '61', '179', 'Y')
/
INSERT INTO KRIM_ROLE_PERM_T(ROLE_PERM_ID, OBJ_ID, VER_NBR, ROLE_ID, PERM_ID, ACTV_IND)
  VALUES('226', '5C27A267EF877417E0404F8189D830A9', 1, '60', '180', 'Y')
/
INSERT INTO KRIM_ROLE_PERM_T(ROLE_PERM_ID, OBJ_ID, VER_NBR, ROLE_ID, PERM_ID, ACTV_IND)
  VALUES('227', '5C27A267EF887417E0404F8189D830A9', 1, '59', '181', 'Y')
/
INSERT INTO KRIM_ROLE_PERM_T(ROLE_PERM_ID, OBJ_ID, VER_NBR, ROLE_ID, PERM_ID, ACTV_IND)
  VALUES('228', '5C27A267EF897417E0404F8189D830A9', 1, '61', '182', 'Y')
/
INSERT INTO KRIM_ROLE_PERM_T(ROLE_PERM_ID, OBJ_ID, VER_NBR, ROLE_ID, PERM_ID, ACTV_IND)
  VALUES('229', '5C27A267EF8A7417E0404F8189D830A9', 1, '63', '183', 'Y')
/

INSERT INTO KRIM_ROLE_MBR_T(ROLE_MBR_ID, VER_NBR, OBJ_ID, ROLE_ID, MBR_ID, MBR_TYP_CD, ACTV_FRM_DT, ACTV_TO_DT, LAST_UPDT_DT)
  VALUES('1282', 1, '5B4B421E43857717E0404F8189D821F7', '62', 'admin', 'P', NULL, NULL, TO_DATE('2008-12-08 12:49:41','YYYY-MM-DD HH24:MI:SS'))
/

INSERT INTO KRIM_RSP_TMPL_T(RSP_TMPL_ID, OBJ_ID, VER_NBR, NM, KIM_TYP_ID, DESC_TXT, ACTV_IND, NMSPC_CD)
  VALUES('1', '5ADFE172441D6320E0404F8189D85169', 1, 'Review', '7', NULL, 'Y', 'KR-WKFLW')
/


INSERT INTO KRIM_ROLE_MBR_ATTR_DATA_T(ATTR_DATA_ID, OBJ_ID, VER_NBR, TARGET_PRIMARY_KEY, KIM_TYP_ID, KIM_ATTR_DEFN_ID, ATTR_VAL)
  VALUES('2892', '5B4B421E43867717E0404F8189D821F7', 1, '1282', '44', '4', 'KR*')
/

INSERT INTO KRIM_ENTITY_T(ENTITY_ID, OBJ_ID, VER_NBR, ACTV_IND, LAST_UPDT_DT)
  VALUES('1', '5B1B6B919CC96496E0404F8189D822F2', 1, 'Y', TO_DATE('2008-11-07 09:49:02','YYYY-MM-DD HH24:MI:SS'))
/

INSERT INTO KRIM_ENTITY_ENT_TYP_T(ENTITY_ENT_TYPE_ID, OBJ_ID, VER_NBR, ENT_TYP_CD, ENTITY_ID, ACTV_IND, LAST_UPDT_DT)
  VALUES('1', '5B1B6B919CCB6496E0404F8189D822F2', 1, 'SYSTEM', '1', 'Y', TO_DATE('2008-11-07 09:49:02','YYYY-MM-DD HH24:MI:SS'))
/

INSERT INTO KRIM_PRNCPL_T(PRNCPL_ID, OBJ_ID, VER_NBR, PRNCPL_NM, ENTITY_ID, PRNCPL_PSWD, ACTV_IND, LAST_UPDT_DT)
  VALUES('1', '5B1B6B919CCA6496E0404F8189D822F2', 1, 'kr', '1', NULL, 'Y', TO_DATE('2008-11-07 09:49:02','YYYY-MM-DD HH24:MI:SS'))
/

-- following lines added after 01/04/2009 /

update krim_typ_t set nm = 'Derived Role: Permission (Edit Document)' where kim_typ_id = '45'
/
INSERT INTO KRIM_TYP_T(KIM_TYP_ID, OBJ_ID, VER_NBR, NM, SRVC_NM, ACTV_IND, NMSPC_CD)
    VALUES('56', sys_guid(), 1, 'Document Type & Existing Records Only', 'documentTypeAndExistingRecordsOnlyPermissionTypeService', 'Y', 'KR-NS')
/
INSERT INTO KRIM_ATTR_DEFN_T(KIM_ATTR_DEFN_ID, OBJ_ID, VER_NBR, NM, ACTV_IND, LBL, NMSPC_CD, CMPNT_NM, APPL_URL)
    VALUES('7', sys_guid(), 1, 'existingRecordsOnly', 'Y', null, 'KR-NS', 'org.kuali.rice.kim.bo.impl.KimAttributes', null)
/
INSERT INTO KRIM_TYP_ATTR_T(KIM_TYP_ATTR_ID, OBJ_ID, VER_NBR, KIM_TYP_ID, KIM_ATTR_DEFN_ID, ACTV_IND, SORT_CD)
    VALUES('101', sys_guid(), 1, '56', '13', 'Y', 'a')
/
INSERT INTO KRIM_TYP_ATTR_T(KIM_TYP_ATTR_ID, OBJ_ID, VER_NBR, KIM_TYP_ID, KIM_ATTR_DEFN_ID, ACTV_IND, SORT_CD)
    VALUES('102', sys_guid(), 1, '56', '7', 'Y', 'b')
/
INSERT INTO KRIM_PERM_TMPL_T(PERM_TMPL_ID, OBJ_ID, VER_NBR, NM, DESC_TXT, KIM_TYP_ID, ACTV_IND, NMSPC_CD)
    VALUES('42', sys_guid(), 1, 'Create / Maintain Record(s)', null, '56', 'Y', 'KR-NS')
/
update krim_perm_tmpl_t set nm = 'View Inquiry or Maintenance Document Field' where perm_tmpl_id = '25'
/
update krim_perm_tmpl_t set nm = 'Modify Maintenance Document Field' where perm_tmpl_id = '26'
/
INSERT INTO KRIM_ATTR_DEFN_T(KIM_ATTR_DEFN_ID, OBJ_ID, VER_NBR, NM, ACTV_IND, LBL, NMSPC_CD, CMPNT_NM, APPL_URL)
    VALUES('44', sys_guid(), 1, 'sectionId', 'Y', null, 'KR-NS', 'org.kuali.rice.kim.bo.impl.KimAttributes', null)
/
INSERT INTO KRIM_TYP_T(KIM_TYP_ID, OBJ_ID, VER_NBR, NM, SRVC_NM, ACTV_IND, NMSPC_CD)
    VALUES('57', sys_guid(), 1, 'Component Section', 'componentSectionPermissionTypeService', 'Y', 'KR-NS')
/
INSERT INTO KRIM_TYP_ATTR_T(KIM_TYP_ATTR_ID, OBJ_ID, VER_NBR, KIM_TYP_ID, KIM_ATTR_DEFN_ID, ACTV_IND, SORT_CD)
    VALUES('103', sys_guid(), 1, '57', '5', 'Y', 'a')
/
INSERT INTO KRIM_TYP_ATTR_T(KIM_TYP_ATTR_ID, OBJ_ID, VER_NBR, KIM_TYP_ID, KIM_ATTR_DEFN_ID, ACTV_IND, SORT_CD)
    VALUES('104', sys_guid(), 1, '57', '44', 'Y', 'b')
/
INSERT INTO KRIM_PERM_TMPL_T(PERM_TMPL_ID, OBJ_ID, VER_NBR, NM, DESC_TXT, KIM_TYP_ID, ACTV_IND, NMSPC_CD)
    VALUES('43', sys_guid(), 1, 'View Inquiry or Maintenance Document Section', null, '57', 'Y', 'KR-NS')
/
INSERT INTO KRIM_PERM_TMPL_T(PERM_TMPL_ID, OBJ_ID, VER_NBR, NM, DESC_TXT, KIM_TYP_ID, ACTV_IND, NMSPC_CD)
    VALUES('44', sys_guid(), 1, 'Modify Maintenance Document Section', null, '57', 'Y', 'KR-NS')
/
commit
/

-- following lines added 01/11/2009 /

update krim_typ_t set nm = 'Document Type (Permission)' where kim_typ_id = '3'
/
update krim_typ_t set nm = 'Document Type, Routing Node & Action Information', srvc_nm = 'reviewResponsibilityTypeService' where kim_typ_id = '7'
/
INSERT INTO KRIM_TYP_T(KIM_TYP_ID, OBJ_ID, VER_NBR, NM, SRVC_NM, ACTV_IND, NMSPC_CD)
    VALUES('54', sys_guid(), 1, 'Document Type (Responsibility)', 'documentTypeResponsibilityTypeService', 'Y', 'KR-KEW')
/
INSERT INTO KRIM_TYP_ATTR_T(KIM_TYP_ATTR_ID, OBJ_ID, VER_NBR, KIM_TYP_ID, KIM_ATTR_DEFN_ID, ACTV_IND, SORT_CD)
    VALUES('107', sys_guid(), 1, '54', '13', 'Y', 'a')
/
INSERT INTO KRIM_RSP_TMPL_T(RSP_TMPL_ID, OBJ_ID, VER_NBR, NM, KIM_TYP_ID, DESC_TXT, ACTV_IND, NMSPC_CD)
    VALUES('2', sys_guid(), 1, 'Resolve Exception', '54', null, 'Y', 'KR-WKFLW')
/
update krim_rsp_t set rsp_tmpl_id = '2' where rsp_id in ('87', '93')
/
update krim_rsp_attr_data_t set kim_typ_id = '54' where target_primary_key in ('87', '93')
/
delete from krim_rsp_attr_data_t where target_primary_key in ('87', '93') and kim_attr_defn_id <> '13'
/
commit
/ 

-- following lines added 01/13/2009 /

-- rename of method to call for maint doc button perms
update krim_attr_defn_t set nm = 'buttonName' where kim_attr_defn_id = '3'
/
-- document collection typ / template changes
delete from krim_perm_attr_data_t where target_primary_key in (select perm_id from krim_perm_t where PERM_TMPL_ID in ('17', '18', '19', '20', '21', '22'))
/
delete from krim_role_perm_t where perm_id in (select perm_id from krim_perm_t where PERM_TMPL_ID in ('17', '18', '19', '20', '21', '22'))
/
delete from krim_perm_t where PERM_TMPL_ID in ('17', '18', '19', '20', '21', '22')
/
delete from krim_perm_tmpl_t where PERM_TMPL_ID in ('17', '18', '19', '20', '21', '22')
/
update krim_attr_defn_t set nm = 'attachmentTypeCode' where kim_attr_defn_id = '9'
/
update krim_typ_t set nm = 'Document Type & Attachment Type', srvc_nm = 'documentTypeAndAttachmentTypePermissionTypeService' where kim_typ_id = '9'
/
INSERT INTO KRIM_TYP_T(KIM_TYP_ID, OBJ_ID, VER_NBR, NM, SRVC_NM, ACTV_IND, NMSPC_CD)
    VALUES('59', sys_guid(), 1, 'Document Type & Relationship to Note Author', 'documentTypeAndRelationshipToNoteAuthorPermissionTypeService', 'Y', 'KR-NS')
/
INSERT INTO KRIM_TYP_T(KIM_TYP_ID, OBJ_ID, VER_NBR, NM, SRVC_NM, ACTV_IND, NMSPC_CD)
    VALUES('60', sys_guid(), 1, 'Derived Role: Permission (Open Document)', 'documentOpenerRoleTypeService', 'Y', 'KR-NS')
/
INSERT INTO KRIM_TYP_ATTR_T(KIM_TYP_ATTR_ID, OBJ_ID, VER_NBR, KIM_TYP_ID, KIM_ATTR_DEFN_ID, ACTV_IND, SORT_CD)
    VALUES('108', sys_guid(), 1, '59', '13', 'Y', 'a')
/
INSERT INTO KRIM_TYP_ATTR_T(KIM_TYP_ATTR_ID, OBJ_ID, VER_NBR, KIM_TYP_ID, KIM_ATTR_DEFN_ID, ACTV_IND, SORT_CD)
    VALUES('109', sys_guid(), 1, '59', '8', 'Y', 'b')
/
delete from krim_typ_attr_t where kim_typ_id = '9' and kim_attr_defn_id = '8'
/
update krim_typ_attr_t set sort_cd = 'b' where kim_typ_id = '9' and kim_attr_defn_id = '9'
/
INSERT INTO KRIM_ROLE_T(ROLE_ID, OBJ_ID, VER_NBR, ROLE_NM, NMSPC_CD, DESC_TXT, KIM_TYP_ID, ACTV_IND, LAST_UPDT_DT)
    VALUES('83', sys_guid(), 1, 'Document Opener', 'KR-NS', NULL, '60', 'Y', SYSDATE)
/
INSERT INTO KRIM_PERM_TMPL_T(PERM_TMPL_ID, OBJ_ID, VER_NBR, NM, DESC_TXT, KIM_TYP_ID, ACTV_IND, NMSPC_CD)
    VALUES('45', sys_guid(), 1, 'Add Note / Attachment', null, '9', 'Y', 'KR-NS')
/
INSERT INTO KRIM_PERM_TMPL_T(PERM_TMPL_ID, OBJ_ID, VER_NBR, NM, DESC_TXT, KIM_TYP_ID, ACTV_IND, NMSPC_CD)
    VALUES('46', sys_guid(), 1, 'View Note / Attachment', null, '9', 'Y', 'KR-NS')
/
INSERT INTO KRIM_PERM_TMPL_T(PERM_TMPL_ID, OBJ_ID, VER_NBR, NM, DESC_TXT, KIM_TYP_ID, ACTV_IND, NMSPC_CD)
    VALUES('47', sys_guid(), 1, 'Delete Note / Attachment', null, '59', 'Y', 'KR-NS')
/
INSERT INTO KRIM_PERM_T(PERM_ID, OBJ_ID, VER_NBR, PERM_TMPL_ID, NM, DESC_TXT, ACTV_IND, NMSPC_CD)
    VALUES('259', sys_guid(), 1, '45', null, null, 'Y', 'KUALI')
/
INSERT INTO KRIM_PERM_ATTR_DATA_T(ATTR_DATA_ID, OBJ_ID, VER_NBR, TARGET_PRIMARY_KEY, KIM_TYP_ID, KIM_ATTR_DEFN_ID, ATTR_VAL)
    VALUES('376', sys_guid(), 1, '259', '9', '13', 'KualiDocument')
/
INSERT INTO KRIM_ROLE_PERM_T(ROLE_PERM_ID, OBJ_ID, VER_NBR, ROLE_ID, PERM_ID, ACTV_IND)
    VALUES('512', sys_guid(), 1, '61', '259', 'Y')
/
INSERT INTO KRIM_PERM_T(PERM_ID, OBJ_ID, VER_NBR, PERM_TMPL_ID, NM, DESC_TXT, ACTV_IND, NMSPC_CD)
    VALUES('261', sys_guid(), 1, '46', null, null, 'Y', 'KUALI')
/
INSERT INTO KRIM_PERM_ATTR_DATA_T(ATTR_DATA_ID, OBJ_ID, VER_NBR, TARGET_PRIMARY_KEY, KIM_TYP_ID, KIM_ATTR_DEFN_ID, ATTR_VAL)
    VALUES('379', sys_guid(), 1, '261', '9', '13', 'KualiDocument')
/
INSERT INTO KRIM_ROLE_PERM_T(ROLE_PERM_ID, OBJ_ID, VER_NBR, ROLE_ID, PERM_ID, ACTV_IND)
    VALUES('516', sys_guid(), 1, '83', '261', 'Y')
/
INSERT INTO KRIM_PERM_T(PERM_ID, OBJ_ID, VER_NBR, PERM_TMPL_ID, NM, DESC_TXT, ACTV_IND, NMSPC_CD)
    VALUES('262', sys_guid(), 1, '47', null, null, 'Y', 'KUALI')
/
INSERT INTO KRIM_PERM_ATTR_DATA_T(ATTR_DATA_ID, OBJ_ID, VER_NBR, TARGET_PRIMARY_KEY, KIM_TYP_ID, KIM_ATTR_DEFN_ID, ATTR_VAL)
    VALUES('380', sys_guid(), 1, '262', '59', '13', 'KualiDocument')
/
INSERT INTO KRIM_PERM_ATTR_DATA_T(ATTR_DATA_ID, OBJ_ID, VER_NBR, TARGET_PRIMARY_KEY, KIM_TYP_ID, KIM_ATTR_DEFN_ID, ATTR_VAL)
    VALUES('381', sys_guid(), 1, '262', '59', '8', 'true')
/
INSERT INTO KRIM_ROLE_PERM_T(ROLE_PERM_ID, OBJ_ID, VER_NBR, ROLE_ID, PERM_ID, ACTV_IND)
    VALUES('517', sys_guid(), 1, '61', '262', 'Y')
/
INSERT INTO KRIM_PERM_T(PERM_ID, OBJ_ID, VER_NBR, PERM_TMPL_ID, NM, DESC_TXT, ACTV_IND, NMSPC_CD)
    VALUES('264', sys_guid(), 1, '47', null, null, 'Y', 'KR-SYS')
/
INSERT INTO KRIM_PERM_ATTR_DATA_T(ATTR_DATA_ID, OBJ_ID, VER_NBR, TARGET_PRIMARY_KEY, KIM_TYP_ID, KIM_ATTR_DEFN_ID, ATTR_VAL)
    VALUES('384', sys_guid(), 1, '264', '59', '13', 'RiceDocument')
/
INSERT INTO KRIM_PERM_ATTR_DATA_T(ATTR_DATA_ID, OBJ_ID, VER_NBR, TARGET_PRIMARY_KEY, KIM_TYP_ID, KIM_ATTR_DEFN_ID, ATTR_VAL)
    VALUES('385', sys_guid(), 1, '264', '59', '8', 'false')
/
INSERT INTO KRIM_ROLE_PERM_T(ROLE_PERM_ID, OBJ_ID, VER_NBR, ROLE_ID, PERM_ID, ACTV_IND)
    VALUES('519', sys_guid(), 1, '63', '264', 'Y')
/

-- added 01/26/2009

update krim_role_t set role_nm = 'Approve Request Recipient' where role_id = '59'
/
INSERT INTO KRIM_ROLE_T(ROLE_ID, OBJ_ID, VER_NBR, ROLE_NM, NMSPC_CD, DESC_TXT, KIM_TYP_ID, ACTV_IND, LAST_UPDT_DT)
    VALUES('88', sys_guid(), 1, 'Acknowledge Request Recipient', 'KR-WKFLW', null, '42', 'Y', SYSDATE)
/
INSERT INTO KRIM_ROLE_T(ROLE_ID, OBJ_ID, VER_NBR, ROLE_NM, NMSPC_CD, DESC_TXT, KIM_TYP_ID, ACTV_IND, LAST_UPDT_DT)
    VALUES('89', sys_guid(), 1, 'FYI Request Recipient', 'KR-WKFLW', null, '42', 'Y', SYSDATE)
/
delete from krim_perm_attr_data_t where target_primary_key = '171'
/
delete from krim_perm_rqrd_attr_t where perm_id = '171'
/
delete from krim_role_perm_t where perm_id = '171'
/
delete from krim_perm_t where perm_id = '171'
/
delete from krim_typ_attr_t where kim_typ_id = '42' and kim_attr_defn_id = '14'
/
update krim_role_perm_t set role_id = '88' where perm_id = '173'
/
update krim_role_perm_t set role_id = '89' where perm_id = '172'
/

update krim_typ_t set nm = 'Ad Hoc Review', srvc_nm = 'adhocReviewPermissionTypeService' where kim_typ_id = '5'
/


commit
/

-- !!!!!!!!!!!!!!!!!!!!!!!!!!!!!!!!!!!!!!!!!!!!!!!!!!!!!!!!!!!!!!!!!!!!!!!!!!!!!!!!!!!!!!!!!!!!
-- !!! STOP!  Don't put anymore SQL in this file for Rice 1.0. Instead, create files in the !!!
-- !!! 'scripts/upgrades/0.9.3 to 0.9.4/db-updates-during-qa' directory                     !!!
-- !!!!!!!!!!!!!!!!!!!!!!!!!!!!!!!!!!!!!!!!!!!!!!!!!!!!!!!!!!!!!!!!!!!!!!!!!!!!!!!!!!!!!!!!!!!!
